id,case_no,time,shift,date,location,type
0,B09-001607,1:30pm,I,July12,2009, Walmart Super Center #2690, 8650 Madison Blvd, THEFT 3RD DEGREE
1,B09-001608,1:50pm,I,July12,2009, State Of Alabama, 8650 Madison Blvd, OBSTRUCTING  JUSTICE-FALSE  IDENTITY
2,B09-001609,5:45pm,II,July12,2009, 600 Block of Hartington Dr, BREAKING AND ENTERING A VEHICLE
3,B09-001609,5:45pm,II,II, 600 Block of Hartington Dr, THEFT 3RD DEGREE
4,B09-001610,5:26pm,II,July12,2009, City Of Madison, Shelton Rd / Water Hill Rd, LICENSE TO CARRY PISTOL
5,B09-001612,6:30pm,II,July12,2009, 100 Block of Kannon Dr, CRIMINAL MISCHIEF-3RD
6,B09-001613,10:26pm,III,July12,2009, 7000 Block of Old Madison Pike, BURGLARY-2ND
7,B09-001613,10:26pm,III,III, 7000 Block of Old Madison Pike, THEFT 2ND DEGREE
8,B09-001614,5:10pm,II,July13,2009, Walden Glen Home Owners Assoc, 624 Balch Rd, CRIMINAL MISCHIEF-3RD
9,B09-001615,9:00am,I,July13,2009, 100 Block of Kannon Dr, CRIMINAL MISCHIEF-3RD
10,B09-001616,12:00pm,I,July13,2009, Woodforest Bank (Branch # 8065), 8650 Madison Blvd, FORGERY-CHECKS
11,B09-001616,12:00pm,I,I, Woodforest Bank (Branch # 8065), 8650 Madison Blvd, THEFT 1ST DEGREE
12,B09-001617,3:24pm,II,July13,2009, 8000 Block of Madison Blvd, HARASSMENT
13,B09-001618,5:30pm,II,July13,2009, 500 Block of Highland Dr, HARBORING VICIOUS OR DANGEROUS ANIMAL
14,B09-001619,5:40pm,II,July13,2009, Target Automotive, 102 Gin Oaks Ct, BURGLARY-3RD
15,B09-001620,5:23pm,II,July13,2009, 100 Block of Portal Ln, HARASSING    COMMUNICATIONS
16,B09-001621,1:32am,III,July14,2009, 500 Block of Production Av, AUTO THEFT-1ST DEGREE
17,B09-001622,1:09pm,I,July14,2009, Burkes Outlet, 8760 Madison Blvd, THEFT 1ST DEGREE
18,B09-001624,12:30pm,I,July14,2009, 100 Block of Hartington Dr, THEFT 2ND DEGREE
19,B09-001626,1:09pm,I,July14,2009, Burkes Outlet, 8760 Madison Blvd, THEFT 2ND DEGREE
20,B09-001627,6:10pm,II,July14,2009, 200 Block of Waters Edge Ln, ILLEGAL POSS/USE CREDIT CARD
21,B09-001628,7:10pm,II,July14,2009, 5000 Block of Wall Triana Hwy, BURGLARY-3RD
22,B09-001628,7:10pm,II,II, 5000 Block of Wall Triana Hwy, THEFT 3RD DEGREE
23,B09-001629,7:30pm,II,July14,2009, 100 Block of Camden Cir, HOME REPAIR FRAUD
24,B09-001630,10:35pm,III,July14,2009, 100 Block of Hughes Rd, CRIMINAL MISCHIEF-3RD
25,B09-001631,10:08pm,III,July14,2009, 1000 Block of Water Hill Rd, BREAKING AND ENTERING A VEHICLE
26,B09-001631,10:08pm,III,III, 1000 Block of Water Hill Rd, THEFT 2ND DEGREE
27,B09-001632,10:07pm,III,July14,2009, 1000 Block of Water Hill Rd, THEFT 3RD DEGREE
28,B09-001633,10:00am,I,July15,2009, 400 Block of Marion Dr, CRIMINAL MISCHIEF-2ND
29,B09-001634,10:00am,I,July15,2009, 400 Block of Marion Dr, CRIMINAL MISCHIEF-2ND
30,B09-001635,10:00am,I,July15,2009, 400 Block of Marion Dr, CRIMINAL MISCHIEF-2ND
31,B09-001637,11:01am,I,July15,2009, 8000 Block of Old Madison Pike, HARASSING COMMUNICATIONS
32,B09-001638,5:00pm,II,July15,2009, 200 Block of Hughes Rd, DOMESTIC VIOLENCE 3RD
33,B09-001639,6:30pm,II,July15,2009, area of Cleghorn Blvd / Wall Triana Hwy, DUTY TO GIVE INFORMATION TO RENDER AID
34,B09-001640,7:09pm,II,July15,2009, 100 Block of Hughes Rd, HARASSMENT
35,B09-001641,6:45pm,II,July15,2009, 100 Block of Allen St, DUTY UPON STRIKING UNATTENDED VEHICLE
36,B09-001642,8:55pm,II,July15,2009, J Mart, 8006 Old Madison Pike, GAS DRIVEOFF
37,B09-001643,7:55am,I,July16,2009, 300 Block of Holly Springs Dr, CRIMINAL MISCHIEF-1ST
38,B09-001644,9:22pm,II,July16,2009, Madison Beverages, 23 Shelton Rd, THEFT  3RD  DEGREE
39,B09-001646,11:48pm,III,July16,2009, 7000 Block of Highway 72 W, HARASSMENT
40,B09-001647,12:50am,III,July17,2009, 800 Block of Seina Vista Dr, CRIMINAL MISCHIEF-1ST
41,B09-001649,2:39pm,II,July17,2009, 500 Block of Hughes Rd, THEFT 3RD DEGREE
42,B09-001650,3:53pm,II,July17,2009, Alliance Counseling, 8840 Madison Blvd, BURGLARY-3RD
43,B09-001661,6:45pm,II,July17,2009, 7000 Block of Old Madison Pike, UNAUTHORIZED USE OF AUTO
44,B09-001662,11:09pm,III,July17,2009, 2000 Block of Flagstone Dr, BURGLARY-1ST
45,B09-001663,11:09pm,III,July17,2009, 2000 Block of Flagstone Dr, ROBBERY-1ST-RESIDENCE-GUN
46,B09-001664,2:35am,III,July18,2009, 1000 Block of Liberty Dr, DOMESTIC INCIDENT
47,B09-001666,1:00pm,I,July18,2009, 100 Block of Hartington Dr, DEATH INVESTIGATION
48,B09-001668,3:14pm,II,July18,2009, 300 Block of Greenstone Dr, HARASSING COMMUNICATIONS
49,B09-001673,9:10pm,II,July18,2009, 100 Block of Royal Dr, DOMESTIC VIOLENCE 3RD
50,B12-003107,1:30am,III,November03,2012, 100 Block of Cresent Cir, DOMESTIC VIOLENCE 3RD
51,B12-003108,2:07am,III,November03,2012, 8000 Block of Madison Blvd Madison, UNLAWFUL BREAKING AND ENTERING A VEHICLE
52,B12-003108,2:07am,III,III, 8000 Block of Madison Blvd Madison, THEFT 2ND DEGREE
53,B12-003109,9:59am,I,November03,2012, State Of Alabama, 103 Thoroughbred Tr, MINIMUM AGE PURCHASE, CONSUME, POSSESS, TRANSPORT ALCOHOL
54,B12-003110,8:10pm,II,November03,2012, Express Oil Change, 8861 Madison Blvd, THEFT OF SERVICES-3
55,B12-003111,7:55pm,II,November03,2012, 8000 Block of Hwy 72 Madison, THEFT OF LOST PROPERTY-2ND
56,B12-003112,9:36pm,II,November03,2012, 200 Block of Arnett St Madison, MENACING-DOMESTIC VIOLENCE
57,B12-003115,3:45am,III,November04,2012, 2000 Block of Flagstone Dr Madison, THEFT 3RD DEGREE
58,B12-003116,4:45am,III,November04,2012, 8000 Block of Madison Blvd, SIMPLE ASSAULT
59,B12-003117,5:55am,III,November04,2012, 8000 Block of Madison Blvd, DOMESTIC VIOLENCE 3RD
60,B12-003119,3:15pm,II,November04,2012, State Of Alabama, Jetplex Cir / Madison Blvd, VERIFICATION OF CITIZENSHIP IMMIGRATION
61,B12-003120,7:29am,I,November05,2012, 800 Block of Highland Dr, UNLAWFUL BREAKING AND ENTERING A VEHICLE
62,B12-003120,7:29am,I,I, 800 Block of Highland Dr, THEFT 2ND DEGREE
63,B12-003121,7:51am,I,November05,2012, 100 Block of Inwood Tr, THEFT 3RD DEGREE
64,B12-003121,7:51am,I,I, 100 Block of Inwood Tr, UNLAWFUL BREAKING AND ENTERING A VEHICLE
65,B12-003122,8:15am,I,November05,2012, 500 Block of Palmer Rd, UNLAWFUL BREAKING AND ENTERING A VEHICLE
66,B12-003122,8:15am,I,I, 500 Block of Palmer Rd, THEFT 2ND DEGREE
67,B12-003123,10:20am,I,November05,2012, 100 Block of Yancy Rd, DOMESTIC VIOLENCE 3RD
68,B12-003124,11:00am,I,November05,2012, 100 Block of Yancy Rd, DOMESTIC VIOLENCE 3RD
69,B12-003125,11:40am,I,November05,2012, 400 Block of Clydebank Dr, HARASSMENT
70,B12-003126,2:20pm,II,November05,2012, 600 Block of Hughes Rd, HARASSMENT
71,B12-003130,4:56pm,II,November05,2012, 100 Block of Spring Water Dr, UNLAWFUL BREAKING AND ENTERING A VEHICLE
72,B12-003130,4:56pm,II,II, 100 Block of Spring Water Dr, THEFT 3RD DEGREE
73,B12-003131,4:55pm,II,November05,2012, 200 Block of Ashley Way, UNLAWFUL BREAKING AND ENTERING A VEHICLE
74,B12-003131,4:55pm,II,II, 200 Block of Ashley Way, THEFT 3RD DEGREE
75,B12-003132,12:48am,III,November06,2012, 100 Block of Main St Madison, UNLAWFUL BREAKING AND ENTERING A VEHICLE
76,B12-003132,12:48am,III,III, 100 Block of Main St Madison, THEFT 2ND DEGREE
77,B12-003135,2:30pm,II,November06,2012, Southern Management, 9600 Madison Blvd, UNLAWFUL BREAKING AND ENTERING A VEHICLE
78,B12-003135,2:30pm,II,II, Southern Management, 9600 Madison Blvd, THEFT 3RD DEGREE
79,B12-003136,2:30pm,II,November06,2012, 9000 Block of Madison Blvd, UNLAWFUL BREAKING AND ENTERING A VEHICLE
80,B12-003136,2:30pm,II,II, 9000 Block of Madison Blvd, THEFT 3RD DEGREE
81,B12-003137,2:30pm,II,November06,2012, Southern Management, 9600 Madison Blvd, UNLAWFUL BREAKING AND ENTERING A VEHICLE
82,B12-003137,2:30pm,II,II, Southern Management, 9600 Madison Blvd, THEFT 3RD DEGREE
83,B12-003138,3:21pm,II,November06,2012, 600 Block of Hughes Rd, THEFT 3RD DEGREE
84,B12-003139,3:35pm,II,November06,2012, City Of Madison, 3763 Sullivan St, CIRCULATING EMITTED MONEY
85,B12-003140,5:25pm,II,November06,2012, Walmart Super Center #2690, 8650 Madison Blvd, THEFT 3RD DEGREE
86,B12-003141,5:12pm,II,November06,2012, 700 Block of Gillespie Rd Madison, RECKLESS ENDANGERMENT
87,B12-003142,6:30pm,II,November06,2012, 100 Block of Brownstone Dr, CRIMINAL MISCHIEF-3RD
88,B12-003143,8:00pm,II,November06,2012, 10000 Block of County Line Rd Madison, THEFT 2ND DEGREE
89,B12-003144,8:41pm,II,November06,2012, 100 Block of Abby Ln, SIMPLE ASSAULT
90,B12-003146,9:16pm,II,November06,2012, 8000 Block of Madison Blvd Madison, DOMESTIC VIOLENCE 3RD
91,B12-003147,11:38pm,III,November06,2012, City Of Madison, 117 Royal Dr, DRIVING UNDER INFLUENCE-ALCOHOL
92,B12-003147,11:38pm,III,III, City Of Madison, 117 Royal Dr, ATTEMPTING TO FLEE OR ELUDE POLICE OFFICER
93,B12-003148,6:52am,I,November07,2012, 200 Block of Gillespie Rd, BURGLARY-3RD
94,B12-003148,6:52am,I,I, 200 Block of Gillespie Rd, THEFT 2ND DEGREE
95,B12-003149,7:30am,I,November07,2012, Service Management Systems, 190 Shelton Rd, BURGLARY-3RD
96,B12-003149,7:30am,I,I, Service Management Systems, 190 Shelton Rd, THEFT 2ND DEGREE
97,B12-003150,10:35am,I,November07,2012, 100 Block of Jodi Dr Madison, HARASSMENT
98,B12-003151,11:00am,I,November07,2012, 100 Block of Continental Dr Madison, HARASSING COMMUNICATIONS
99,B12-003152,1:30pm,I,November07,2012, 10000 Block of County Line Rd, THEFT 3RD DEGREE
100,B12-003153,12:33pm,I,November07,2012, 200 Block of Kyser Blvd Madison, HARASSING COMMUNICATIONS
101,B12-003155,3:55pm,II,November07,2012, 200 Block of De Jan Rd, BURGLARY-3RD
102,B12-003157,8:51pm,II,November07,2012, 10000 Block of County Line Rd, HARASSMENT
103,B12-003158,7:52pm,II,November07,2012, 10000 Block of County Line Road Madison, DUTY UPON STRIKING UNATTENDED VEHICLE
104,B12-003161,9:34pm,II,November08,2012, 400 Block of Eastview Dr, DV 3RD-HARASSMENT-FAMILY
105,B09-001549,4:45am,III,July05,2009, 100 Block of Brass Oak Dr, THEFT 3RD DEGREE
106,B09-001550,1:00pm,I,July05,2009, Walmart Super Center #2690, 8650 Madison Blvd, THEFT  3RD  DEGREE
107,B09-001553,8:45pm,II,July05,2009, 300 Block of Gillespie Rd, CRIMINAL MISCHIEF-2ND
108,B09-001554,7:19pm,II,July05,2009, Walmart Super Center #2690, 8650 Madison Blvd, THEFT 3RD DEGREE
109,B09-001555,7:55pm,II,July05,2009, 8000 Block of Highway 72 W, ROBBERY-1ST
110,B09-001555,7:55pm,II,II, 8000 Block of Highway 72 W, THEFT 2ND DEGREE
111,B09-001556,7:55pm,II,July05,2009, 8000 Block of Highway 72 W, THEFT 2ND DEGREE
112,B09-001558,10:41pm,III,July05,2009, 100 Block of Royal Dr, HARASSING COMMUNICATIONS
113,B09-001560,3:21am,III,July06,2009, 2000 Block of Flagstone Dr, BREAKING AND ENTERING A VEHICLE
114,B09-001562,9:25am,I,July06,2009, 5000 Block of Wall Triana Hwy, HARASSING COMMUNICATIONS
115,B09-001563,4:13pm,II,July06,2009, 100 Block of Yonex Dr, BREAKING AND ENTERING A VEHICLE
116,B09-001563,4:13pm,II,II, 100 Block of Yonex Dr, THEFT 3RD DEGREE
117,B09-001564,5:01pm,II,July06,2009, 100 Block of Hughes Rd, THEFT 2ND DEGREE
118,B09-001566,9:14pm,II,July06,2009, 100 Block of Gooch Ln, CRIMINAL MISCHIEF-3RD
119,B09-001567,10:00pm,III,July06,2009, Walgreens, 7813 U.S. Highway 72, THEFT 3RD DEGREE
120,B09-001569,8:15am,I,July07,2009, 300 Block of Gillespie Rd, CRIMINAL MISCHIEF-3RD
121,B09-001570,8:29am,I,July07,2009, 100 Block of Roy Dr, IDENTITY THEFT 1ST DEGREE
122,B09-001571,9:23am,I,July07,2009, La Quinta Inn, 105 Westchester Rd, BURGLARY-3RD
123,B09-001571,9:23am,I,I, La Quinta Inn, 105 Westchester Rd, THEFT 2ND DEGREE
124,B09-001573,10:50pm,III,July07,2009, 1000 Block of Liberty Dr, UNAUTHORIZED USE OF AUTO
125,B09-001576,3:40pm,II,July08,2009, 200 Block of Hughes Rd, DOMESTIC VIOLENCE 3RD
126,B09-001577,6:21pm,II,July08,2009, 200 Block of Balch Rd, CRIMINAL MISCHIEF-3RD
127,B09-001579,6:40am,I,July09,2009, 8000 Block of Madison Blvd, CRIMINAL  MISCHIEF-3RD
128,B09-001580,7:45am,I,July09,2009, 8000 Block of Madison Blvd, BREAKING AND ENTERING A VEHICLE
129,B09-001580,7:45am,I,I, 8000 Block of Madison Blvd, THEFT 3RD DEGREE
130,B09-001581,2:45pm,II,July09,2009, 7000 Block of Highway 72 W, HARASSMENT
131,B09-001582,3:48pm,II,July09,2009, 100 Block of Michael Av, DOMESTIC VIOLENCE 3RD
132,B09-001583,4:25pm,II,July09,2009, 300 Block of Gillespie Rd, BURGLARY-3RD
133,B09-001583,4:25pm,II,II, 300 Block of Gillespie Rd, CRIMINAL MISCHIEF-3RD
134,B09-001584,5:30pm,II,July09,2009, 100 Block of Angela Dr, AGGRAVATED ASSAULT 3RD
135,B09-001585,5:25pm,II,July09,2009, 100 Block of Angela Dr, HARASSING COMMUNICATIONS
136,B09-001586,5:09pm,II,July09,2009, 200 Block of Balch Rd, MENACING-DOMESTIC VIOLENCE
137,B09-001587,7:30pm,II,July09,2009, 700 Block of Block Of Cardinal Ave, THEFT 1ST DEGREE
138,B09-001589,9:22pm,II,July09,2009, 200 Block of Park Stone Dr, BURGLARY-3RD
139,B09-001589,9:22pm,II,II, 200 Block of Park Stone Dr, THEFT 3RD DEGREE
140,B09-001590,1:00am,III,July10,2009, 7000 Block of Old Madison Pike, DOMESTIC VIOLENCE 3RD
141,B09-001591,9:00am,I,July10,2009, 100 Block of Liverpool Dr, CRIMINAL MISCHIEF-3RD
142,B09-001592,10:00am,I,July10,2009, 100 Block of Sturdivant St, CRIMINAL  MISCHIEF-3RD
143,B09-001594,4:25pm,II,July09,2009, 300 Block of Gillespie Rd, CRIMINAL TRESPASS
144,B09-001596,3:49pm,II,July10,2009, 100 Block of Royal Dr, ROBBERY-3RD-STREET-STRONG ARM
145,B09-001596,3:49pm,II,II, 100 Block of Royal Dr, SIMPLE ASSAULT
146,B09-001598,7:55pm,II,July10,2009, 400 Block of Oakland Rd, BREAKING AND ENTERING A VEHICLE
147,B09-001598,7:55pm,II,II, 400 Block of Oakland Rd, THEFT 3RD DEGREE
148,B09-001599,9:35pm,II,July10,2009, Kroger Co, 300 Hughes Rd, THEFT 3RD DEGREE
149,B09-001604,10:45pm,III,July11,2009, 200 Block of Garden Brook Dr, DOMESTIC VIOLENCE 3RD
150,B12-003170,3:00am,III,November10,2012, State Of Alabama, 8814 Madison Blvd, VERIFICATION OF CITIZENSHIP IMMIGRATION
151,B12-003172,4:40am,III,November10,2012, 100 Block of Royal Dr Madison, DV 3RD-HARASSMENT-FAMILY
152,B12-003173,6:18am,I,November10,2012, 100 Block of Royal Dr, UNLAWFUL BREAKING AND ENTERING A VEHICLE
153,B12-003173,6:18am,I,I, 100 Block of Royal Dr, THEFT 3RD DEGREE
154,B12-003174,8:00am,I,November10,2012, Subway, 10971 County Line Rd, BURGLARY-3RD
155,B12-003175,8:39am,I,November10,2012, 7000 Block of Highway 72 W, UNLAWFUL BREAKING AND ENTERING A VEHICLE
156,B12-003175,8:39am,I,I, 7000 Block of Highway 72 W, THEFT 2ND DEGREE
157,B12-003176,10:06am,I,November10,2012, 200 Block of Kyser Blvd, UNLAWFUL BREAKING AND ENTERING A VEHICLE
158,B12-003176,10:06am,I,I, 200 Block of Kyser Blvd, THEFT 3RD DEGREE
159,B12-003178,12:42pm,I,November10,2012, 500 Block of Palmer Rd, UNLAWFUL BREAKING AND ENTERING A VEHICLE
160,B12-003179,1:50pm,I,November10,2012, City Of Madison, 1007 Liberty Dr,   DISCHARGING FIREARM INTO OCCUPIED DWELLING/VEHICLE
161,B12-003179,1:50pm,I,I, City Of Madison, 1007 Liberty Dr,   DISCHARGING FIREARM INTO OCCUPIED DWELLING/VEHICLE
162,B12-003179,1:50pm,I,I, City Of Madison, 1007 Liberty Dr,   RECKLESS ENDANGERMENT
163,B12-003179,1:50pm,I,I, City Of Madison, 1007 Liberty Dr,   RECKLESS ENDANGERMENT
164,B12-003179,1:50pm,I,I, City Of Madison, 1007 Liberty Dr,   CRIMINAL MISCHIEF-3RD
165,B12-003179,1:50pm,I,I, City Of Madison, 1007 Liberty Dr,   CRIMINAL MISCHIEF-3RD
166,B12-003180,3:23pm,II,November10,2012, 100 Block of Todd Dr, CRIMINAL MISCHIEF-2ND
167,B12-003181,3:15pm,II,November10,2012, 500 Block of Palmer Rd, UNLAWFUL BREAKING AND ENTERING A VEHICLE
168,B12-003181,3:15pm,II,II, 500 Block of Palmer Rd, THEFT 2ND DEGREE
169,B12-003183,3:45pm,II,November10,2012, 500 Block of Palmer Rd, UNLAWFUL BREAKING AND ENTERING A VEHICLE
170,B12-003183,3:45pm,II,II, 500 Block of Palmer Rd, THEFT 2ND DEGREE
171,B12-003184,3:22pm,II,November10,2012, 200 Block of Concord Dr, DOMESTIC VIOLENCE 3RD
172,B12-003185,3:22pm,II,November10,2012, 200 Block of Concord Dr Madison, DOMESTIC VIOLENCE 3RD
173,B12-003186,6:24pm,II,November10,2012, 100 Block of Royal Dr, UNLAWFUL BREAKING AND ENTERING A VEHICLE
174,B12-003186,6:24pm,II,II, 100 Block of Royal Dr, THEFT 3RD DEGREE
175,B12-003187,9:06pm,II,November10,2012, Publix Store 1185, 12070 County Line Rd, THEFT 3RD DEGREE
176,B12-003191,12:37am,III,November11,2012, 100 Block of Millcreek Crossing, CRIMINAL TAMPERING 2ND
177,B12-003192,1:28am,III,November11,2012, State Of Alabama, Balch Rd / Tottenham Way, VERIFICATION OF CITIZENSHIP IMMIGRATION
178,B12-003193,12:10pm,I,November11,2012, 100 Block of Shelton Rd Madison, DOMESTIC VIOLENCE 3RD
179,B12-003194,3:26pm,II,November11,2012, 100 Block of Clifts Cove Blvd Madison, UNLAWFUL BREAKING AND ENTERING A VEHICLE
180,B12-003194,3:26pm,II,II, 100 Block of Clifts Cove Blvd Madison, THEFT 3RD DEGREE
181,B12-003195,3:46pm,II,November11,2012, 8000 Block of Old Madison Pike, UNLAWFUL BREAKING AND ENTERING A VEHICLE
182,B12-003196,3:46pm,II,November11,2012, 8000 Block of Old Madison Pike, UNLAWFUL BREAKING AND ENTERING A VEHICLE
183,B12-003197,3:46pm,II,November11,2012, 8000 Block of Old Madison Pike, UNLAWFUL BREAKING AND ENTERING A VEHICLE
184,B12-003197,3:46pm,II,II, 8000 Block of Old Madison Pike, THEFT 3RD DEGREE
185,B12-003198,3:46pm,II,November11,2012, 8000 Block of Old Madison Pike, UNLAWFUL BREAKING AND ENTERING A VEHICLE
186,B12-003198,3:46pm,II,II, 8000 Block of Old Madison Pike, THEFT 3RD DEGREE
187,B12-003199,5:24pm,II,November11,2012, 8000 Block of Old Madison Pike, THEFT 3RD DEGREE
188,B12-003200,6:31pm,II,November11,2012, 100 Block of Brownstone Dr, CRIMINAL MISCHIEF-3RD
189,B12-003201,12:58am,III,November12,2012, 8000 Block of Madison Blvd Madison, CRIMINAL MISCHIEF-2ND
190,B12-003202,3:07pm,II,November12,2012, 5000 Block of Wall Triana Hwy Madison, DV 3RD-CRIMINAL MISCHIEF 3RD
191,B12-003203,4:56pm,II,November12,2012, 200 Block of Pine Ridge Rd, UNLAWFUL BREAKING AND ENTERING A VEHICLE
192,B12-003203,4:56pm,II,II, 200 Block of Pine Ridge Rd, THEFT 3RD DEGREE
193,B12-003204,7:32pm,II,November12,2012, Jeff Benton Homes, 255 Heritage Mill Dr, BURGLARY-3RD
194,B12-003204,7:32pm,II,II, Jeff Benton Homes, 255 Heritage Mill Dr, THEFT 1ST DEGREE
195,B12-003206,7:02am,I,November13,2012, 200 Block of Jackies Ter, IDENTITY THEFT
196,B12-003210,11:50am,I,November13,2012, Kroger Co, 300 Hughes Rd, THEFT 3RD DEGREE
197,B12-003211,12:39pm,I,November13,2012, 100 Block of Oriley Ct, DOMESTIC VIOLENCE 3RD
198,B12-003215,3:33pm,II,November13,2012, 100 Block of Jetplex Cir, HARASSMENT
199,B12-003217,6:51pm,II,November13,2012, 200 Block of Evalyn St, HARASSING COMMUNICATIONS
200,B12-003220,11:05am,I,November14,2012, 8000 Block of Madison Blvd, IDENTITY THEFT
201,B12-003222,12:37pm,I,November14,2012, 200 Block of Pennsylvania Av, BURGLARY-3RD
202,B12-003222,12:37pm,I,I, 200 Block of Pennsylvania Av, THEFT 2ND DEGREE
203,B12-003223,1:13pm,I,November14,2012, Breland Homes, 218 Meadow Wood Dr, THEFT 2ND DEGREE
204,B12-003224,5:24pm,II,November14,2012, Walmart Super Center #2690, 8650 Madison Blvd, THEFT 3RD DEGREE
205,B12-003226,9:44pm,II,November14,2012, 100 Block of Lynbrook Blvd, BURGLARY-3RD
206,B12-003226,9:44pm,II,II, 100 Block of Lynbrook Blvd, THEFT 2ND DEGREE
207,B12-003228,11:44am,I,November15,2012, Hartlex Enterprises Inc, 181 Hughes Rd, THEFT 1ST DEGREE
208,B12-003231,12:40pm,I,November15,2012, 100 Block of Westscott Dr Madison, THEFT 3RD DEGREE
209,B12-003232,1:05pm,I,November15,2012, Edos, 104 Intercom Dr, THEFT 2ND DEGREE
210,B12-003234,5:24pm,II,November15,2012, area of Hughes Road Madison, THEFT 3RD DEGREE
211,B12-003235,5:29pm,II,November15,2012, 8000 Block of Highway 72 W, SURVEILLANCE
212,B12-003236,6:47pm,II,November15,2012, 100 Block of Stoneway Tr, BURGLARY-3RD
213,B12-003236,6:47pm,II,II, 100 Block of Stoneway Tr, THEFT 1ST DEGREE
214,B12-003237,8:15pm,II,November15,2012, 100 Block of Royal Dr Madison, DOMESTIC VIOLENCE 3RD
215,B12-003238,12:01am,III,November16,2012, 100 Block of Lonesome Ct, THEFT 1ST DEGREE
216,B12-003239,3:53am,III,November16,2012, 100 Block of Hughes Rd, DOMESTIC VIOLENCE 3RD
217,B12-003240,11:15pm,III,November15,2012, 300 Block of Gillespie Rd, HARASSMENT
218,B12-003250,5:47am,III,November17,2012, 2000 Block of Flagstone Dr, BURGLARY-2ND
219,B12-003250,5:47am,III,III, 2000 Block of Flagstone Dr, THEFT 2ND DEGREE
220,B12-003254,12:29pm,I,November17,2012, 200 Block of Millbury Ct, CRIMINAL MISCHIEF-3RD
221,B12-003255,1:00pm,I,November17,2012, Kroger Co, 300 Hughes Rd, THEFT 3RD DEGREE
222,B12-003256,1:06pm,I,November17,2012, 100 Block of Shelton Rd, UNLAWFUL BREAKING AND ENTERING A VEHICLE
223,B12-003256,1:06pm,I,I, 100 Block of Shelton Rd, THEFT 3RD DEGREE
224,B12-003256,1:06pm,I,I, 100 Block of Shelton Rd, CRIMINAL MISCHIEF-3RD
225,B12-003257,5:11pm,II,November17,2012, 300 Block of Gillespie Rd, DV 3RD-HARASSMENT-FAMILY
226,B12-003258,1:09am,III,November18,2012, City Of Madison, Quail Rd / Wall Triana Hwy, CARRYING CONCEALED WEAPON
227,B12-003260,8:50am,I,November18,2012, 7000 Block of Old Madison Pike Madison, DOMESTIC VIOLENCE 3RD
228,B12-003261,9:55am,I,November18,2012, 200 Block of Water Hill Rd Madison, THEFT 3RD DEGREE
229,B12-003262,3:29pm,II,November18,2012, 100 Block of Bibb Dr Madison, CRIMINAL MISCHIEF-2ND
230,B12-003263,10:10am,I,November19,2012, 100 Block of Hughes Rd, IDENTITY THEFT
231,B12-003263,10:10am,I,I, 100 Block of Hughes Rd, THEFT 3RD DEGREE
232,B12-003264,9:33am,I,November19,2012, State Of Alabama, 11306 County Line Rd, MINIMUM AGE PURCHASE, CONSUME, POSSESS, TRANSPORT ALCOHOL
233,B12-003265,12:17pm,I,November19,2012, Bandito Burrito, 208 Main St, CRIMINAL MISCHIEF-3RD
234,B12-003266,2:27pm,II,November19,2012, Walmart Super Center #2690, 8650 Madison Blvd, THEFT 3RD DEGREE
235,B12-003267,3:18pm,II,November19,2012, Target, 8207 Highway 72 W, POSS. FORGED INSTRUMENT 2ND
236,B12-003268,3:30pm,II,November19,2012, 8000 Block of Madison Blvd, ILLEGAL POSS/USE CREDIT CARD
237,B12-003269,8:32pm,II,November19,2012, 100 Block of Royal Dr, DV 3RD-HARASSMENT-FAMILY
238,B12-003270,12:28am,III,November20,2012, 200 Block of Kyser Blvd Madison, DOMESTIC VIOLENCE BY STRANGULATION OR SUFFOCATION ASSLT
239,B12-003271,12:28am,III,November20,2012, 200 Block of Kyser Blvd Madison, SIMPLE ASSAULT
240,B12-003272,6:15am,I,November20,2012, area of I565 Eastbound Entrance Ramp Madison, RECKLESS ENDANGERMENT
241,B12-003273,7:00am,I,November20,2012, 100 Block of Westscott Dr Madison, DOMESTIC VIOLENCE 3RD
242,B12-003275,9:20am,I,November20,2012, 100 Block of Narcissus Ln, BURGLARY-3RD
243,B12-003275,9:20am,I,I, 100 Block of Narcissus Ln, THEFT 2ND DEGREE
244,B12-003276,9:35am,I,November20,2012, Regions Bank, 351 Hughes Rd Madison, POSS. FORGED INSTRUMENT 2ND
245,B12-003277,9:10am,I,November20,2012, Affiliated Construction, 100 Brazelton Cir Madison, UNAUTHORIZED USE OF AUTO
246,B12-003278,10:07am,I,November20,2012, 10000 Block of Dove Dr, THEFT 1ST DEGREE
247,B12-003279,10:40am,I,November20,2012, 100 Block of Kelvingrove Dr Madison, THEFT 2ND DEGREE
248,B12-003282,1:33pm,I,November20,2012, Walmart Super Center #2690, 8650 Madison Blvd, THEFT 3RD DEGREE
249,B12-003286,5:54pm,II,November20,2012, 100 Block of Bluebelle Dr, HARASSING COMMUNICATIONS
250,B12-003287,6:08pm,II,November20,2012, 100 Block of Royal Dr Madison, BURGLARY-3RD
251,B12-003287,6:08pm,II,II, 100 Block of Royal Dr Madison, THEFT 1ST DEGREE
252,B12-003288,1:30am,III,November21,2012, 2000 Block of Colonial Lake Dr Madison, DOMESTIC VIOLENCE 3RD
253,B12-003302,11:00am,I,November22,2012, 100 Block of Mill Creek Crossing Madison, CRIMINAL MISCHIEF-3RD
254,B12-003302,11:00am,I,I, 100 Block of Mill Creek Crossing Madison, CRIMINAL MISCHIEF-3RD
255,B12-003304,4:55pm,II,November22,2012, 100 Block of Cresent Cir Madison, DUTY UPON STRIKING A FIXED OBJECT
256,B12-003306,11:19am,I,November23,2012, 200 Block of Jackies Ter, IDENTITY THEFT
257,B12-003306,11:19am,I,I, 200 Block of Jackies Ter, THEFT 1ST DEGREE
258,B12-003308,7:23pm,II,November23,2012, 8000 Block of Highway 72 W, THEFT 3RD DEGREE
259,B12-003309,2:30pm,II,November24,2012, 900 Block of S Rock Hampton Dr, UNAUTHORIZED USE OF AUTO
260,B12-003311,8:29pm,II,November24,2012, 300 Block of Lena Cain Blvd, OTHER
261,B12-003312,2:15pm,II,November25,2012, 100 Block of Shelton Rd Madison, DOMESTIC VIOLENCE BY STRANGULATION OR SUFFOCATION ASSLT
262,B12-003312,2:15pm,II,II, 100 Block of Shelton Rd Madison, DV 3RD-SIMPLE ASSAULT-FAMILY
263,B12-003313,2:40pm,II,November25,2012, 100 Block of Royal Dr Madison, BURGLARY-3RD
264,B12-003313,2:40pm,II,II, 100 Block of Royal Dr Madison, THEFT 2ND DEGREE
265,B12-003314,6:42pm,II,November25,2012, 100 Block of Liberty Dr, DOMESTIC VIOLENCE 3RD
266,B12-003315,8:30pm,II,November25,2012, 900 Block of Miller Blvd, CRIMINAL MISCHIEF-3RD
267,B12-003315,8:30pm,II,II, 900 Block of Miller Blvd, BURGLARY-3RD
268,B12-003315,8:30pm,II,II, 900 Block of Miller Blvd, THEFT 3RD DEGREE
269,B12-003318,1:30pm,I,November26,2012, 8000 Block of Madison Blvd, ILLEGAL POSS/USE CREDIT CARD
270,B12-003319,2:15pm,II,November26,2012, 200 Block of Gemini Dr, DV 3RD-HARASSMENT-FAMILY
271,B12-003320,3:34pm,II,November26,2012, Ford Realty Co, 190 Lime Quarry Rd, CRIMINAL MISCHIEF-3RD
272,B12-003321,3:10pm,II,November26,2012, 100 Block of Bibb Dr Madison, DV 3RD-HARASSMENT-FAMILY
273,B12-003322,5:35pm,II,November26,2012, 100 Block of Shelton Rd Madison, DV 3RD-HARASSING COMMUNICATIONS
274,B12-003324,6:00pm,II,November26,2012, 5000 Block of Wall Triana Hwy Madison, MENACING
275,B12-003325,10:11pm,III,November26,2012, 100 Block of Brazelton Cir Madison, DV 3RD-HARASSING COMMUNICATIONS
276,B12-003326,12:30am,III,November27,2012, 4000 Block of Wall Triana Hwy, CRIMINAL TRESPASS 3RD
277,B12-003327,7:24am,I,November27,2012, 100 Block of Cottonwood Tr, DV 3RD-HARASSMENT-FAMILY
278,B12-003328,7:24am,I,November27,2012, 100 Block of Cottonwood Tr, DV 3RD-HARASSMENT-FAMILY
279,B12-003329,10:48am,I,November27,2012, 100 Block of Todd Dr, UNLAWFUL BREAKING AND ENTERING A VEHICLE
280,B12-003329,10:48am,I,I, 100 Block of Todd Dr, THEFT 2ND DEGREE
281,B12-003330,11:00am,I,November27,2012, 100 Block of Hughes Rd, ILLEGAL POSS/USE CREDIT CARD
282,B12-003333,10:40am,I,November27,2012, 100 Block of Shelton Rd Madison, IDENTITY THEFT
283,B12-003334,11:30am,I,November27,2012, 100 Block of Violet Dr, HARASSING COMMUNICATIONS
284,B12-003335,2:12pm,II,November27,2012, City Of Madison, 100 Hughes Rd, THEFT 2ND DEGREE
285,B12-003336,2:20pm,II,November27,2012, City Of Madison, 3763 Sullivan St, CIRCULATING EMITTED MONEY
286,B12-003337,3:15pm,II,November27,2012, 200 Block of Lanier Rd Madison, IDENTITY THEFT
287,B12-003338,3:50pm,II,November27,2012, 100 Block of Shelton Rrd Madison, THEFT 2ND DEGREE
288,B12-003339,5:15pm,II,November27,2012, 600 Block of Eastview Dr, THEFT 3RD DEGREE
289,B12-003340,5:15pm,II,November27,2012, 600 Block of Eastview Dr, THEFT 3RD DEGREE
290,B12-003341,7:13pm,II,November27,2012, area of Hughes Rd / Hwy 72 Madison, DUTY TO GIVE INFORMATION TO RENDER AID
291,B12-003342,10:28pm,III,November27,2012, 100 Block of Malor Cir Madison, CRIMINAL MISCHIEF-3RD
292,B12-003345,8:00am,I,November28,2012, 100 Block of Monument Ln, UNLAWFUL BREAKING AND ENTERING A VEHICLE
293,B12-003345,8:00am,I,I, 100 Block of Monument Ln, THEFT 2ND DEGREE
294,B12-003346,8:05am,I,November28,2012, 100 Block of Royal Dr, UNLAWFUL BREAKING AND ENTERING A VEHICLE
295,B12-003346,8:05am,I,I, 100 Block of Royal Dr, THEFT 3RD DEGREE
296,B12-003347,8:14am,I,November28,2012, 100 Block of Royal Dr, UNLAWFUL BREAKING AND ENTERING A VEHICLE
297,B12-003347,8:14am,I,I, 100 Block of Royal Dr, THEFT 3RD DEGREE
298,B12-003348,8:30am,I,November28,2012, 100 Block of Dupont Cir, UNLAWFUL BREAKING AND ENTERING A VEHICLE
299,B12-003348,8:30am,I,I, 100 Block of Dupont Cir, THEFT 2ND DEGREE
300,B12-003349,8:37am,I,November28,2012, 100 Block of Monument Ln, UNLAWFUL BREAKING AND ENTERING A VEHICLE
301,B12-003349,8:37am,I,I, 100 Block of Monument Ln, THEFT 3RD DEGREE
302,B12-003351,10:37am,I,November28,2012, 100 Block of Monument Ln, UNLAWFUL BREAKING AND ENTERING A VEHICLE
303,B12-003351,10:37am,I,I, 100 Block of Monument Ln, THEFT 2ND DEGREE
304,B12-003353,1:25pm,I,November28,2012, Walmart Super Center #2690, 8650 Madison Blvd, THEFT 3RD DEGREE
305,B12-003354,12:51pm,I,November28,2012, 4000 Block of Jeff Rd, IDENTITY THEFT
306,B12-003355,1:25pm,I,November28,2012, Walmart Super Center #2690, 8650 Madison Blvd, THEFT 3RD DEGREE
307,B12-003356,2:21pm,II,November28,2012, 100 Block of Royal Dr Madison, UNLAWFUL BREAKING AND ENTERING A VEHICLE
308,B12-003356,2:21pm,II,II, 100 Block of Royal Dr Madison, THEFT 2ND DEGREE
309,B12-003357,2:47pm,II,November28,2012, City Of Madison, 3763 Sullivan St, CIRCULATING EMITTED MONEY
310,B12-003358,4:06pm,II,November28,2012, 100 Block of W Dublin Dr Madison, UNLAWFUL BREAKING AND ENTERING A VEHICLE
311,B12-003358,4:06pm,II,II, 100 Block of W Dublin Dr Madison, THEFT 3RD DEGREE
312,B12-003360,3:58pm,II,November28,2012, Sonal Furniture And Custom Draperies, 120 Morning Vista Dr, THEFT 1ST DEGREE
313,B12-003361,4:45pm,II,November28,2012, 200 Block of Avian Ln, THEFT 1ST DEGREE
314,B12-003363,5:46pm,II,November28,2012, 100 Block of Royal Dr, UNLAWFUL BREAKING AND ENTERING A VEHICLE
315,B12-003364,7:10pm,II,November28,2012, Kroger Co, 300 Hughes Rd Madison, THEFT 3RD DEGREE
316,B12-003365,7:04pm,II,November28,2012, Kroger Co, 100 Hughes Rd, THEFT 3RD DEGREE
317,B12-003366,7:10pm,II,November28,2012, Kroger Co, 300 Hughes Rd Madison, THEFT 3RD DEGREE
318,B12-003367,7:10pm,II,November28,2012, Kroger Co, 300 Hughes Rd Madison, THEFT 2ND DEGREE
319,B12-003368,7:04pm,II,November28,2012, Kroger Co, 100 Hughes Rd, THEFT 3RD DEGREE
320,B12-003369,7:10pm,II,November28,2012, Kroger Co, 300 Hughes Rd Madison, THEFT 3RD DEGREE
321,B12-003370,7:10pm,II,November28,2012, Kroger Co, 300 Hughes Rd Madison, THEFT 3RD DEGREE
322,B12-003373,8:20am,I,November29,2012, 200 Block of Pennsylvania Ave Madison, UNLAWFUL BREAKING AND ENTERING A VEHICLE
323,B12-003373,8:20am,I,I, 200 Block of Pennsylvania Ave Madison, THEFT 2ND DEGREE
324,B12-003374,9:29am,I,November29,2012, 10000 Block of Larkin Dr, IDENTITY THEFT
325,B12-003376,10:50am,I,November29,2012, City Of Madison, 100 Hughes Rd, CARRYING CONCEALED WEAPON
326,B12-003379,1:07pm,I,November29,2012, Discovery Middle School, 1304 Hughes Rd, DISORDERLY CONDUCT
327,B12-003385,6:02pm,II,November29,2012, 100 Block of Whisperwood Ln, THEFT 2ND DEGREE
328,B12-003386,6:15pm,II,November29,2012, 100 Block of Foxfield Dr, THEFT 3RD DEGREE
329,B12-003388,8:54pm,II,November29,2012, 8000 Block of Madison Blvd, THEFT 3RD DEGREE
330,B12-003389,11:39pm,III,November29,2012, 200 Block of Pennsylvania Av, CRIMINAL MISCHIEF-1ST
331,B12-003390,12:14am,III,November30,2012, 200 Block of Coral Ct, OTHER
332,B09-001494,6:35am,I,June28,2009, City Of Madison, Balch Rd / Highway 72 W, LICENSE TO CARRY PISTOL
333,B09-001495,1:30pm,I,June29,2009, 8000 Block of Madison Blvd, THEFT  3RD  DEGREE
334,B09-001497,7:10pm,II,June28,2009, Walmart Super Center #2690, 8650 Madison Blvd, THEFT 3RD DEGREE
335,B09-001498,8:15pm,II,June28,2009, 8000 Block of Madison Blvd, THEFT 2ND DEGREE
336,B09-001499,12:17am,III,June29,2009, 4000 Block of Celtic Cr, DOMESTIC VIOLENCE 3RD
337,B09-001501,7:00am,I,June29,2009, 100 Block of Freedom Way, CRIMINAL MISCHIEF-3RD
338,B09-001505,2:23pm,II,June29,2009, Madison Water And Wastewater Board, Brogans Way / Uptowne Dr, CRIMINAL MISCHIEF-3RD
339,B09-001507,3:30pm,II,June29,2009, City Of Madison, 130 Plaza Blvd, CRIMINAL MISCHIEF-2ND
340,B09-001508,5:59pm,II,June29,2009, 200 Block of Kyser Blvd, THEFT 3RD DEGREE
341,B09-001509,6:35pm,II,June29,2009, 100 Block of Royal Dr, CRIMINAL MISCHIEF-3RD
342,B09-001510,7:50pm,II,June29,2009, 100 Block of Bridletrace Ln, DOMESTIC VIOLENCE 3RD
343,B09-001512,10:24pm,III,June29,2009, 300 Block of Gillespie Rd, CRIMINAL MISCHIEF-3RD
344,B09-001513,11:07pm,III,June29,2009, 100 Block of Plaza Blvd, MENACING
345,B09-001514,11:30pm,III,June29,2009, 200 Block of Kyser Blvd, HARASSING   COMMUNICATIONS
346,B09-001517,2:30pm,II,June30,2009, 100 Block of Royal Dr, HARASSMENT
347,B09-001518,2:40pm,II,June30,2009, Murco Wall Products Inc, 319 Contec Rd, THEFT 2ND DEGREE
348,B09-001519,6:05pm,II,June30,2009, 200 Block of Kyser Blvd, THEFT 3RD DEGREE
349,B09-001520,9:50pm,II,June30,2009, 600 Block of Browns Ferry Rd, BURGLARY-3RD
350,B09-001520,9:50pm,II,II, 600 Block of Browns Ferry Rd, THEFT 2ND DEGREE
351,B09-001522,10:45am,I,July01,2009, 5000 Block of Wall Triana Hwy, BURGLARY-3RD
352,B09-001522,10:45am,I,I, 5000 Block of Wall Triana Hwy, THEFT 3RD DEGREE
353,B09-001523,11:00am,I,July01,2009, Animal Health Care, 11055 County Line Rd, THEFT 2ND DEGREE
354,B09-001524,5:00pm,II,July01,2009, 2000 Block of Flagstone Dr, BURGLARY-3RD
355,B09-001524,5:00pm,II,II, 2000 Block of Flagstone Dr, THEFT 3RD DEGREE
356,B09-001526,7:00pm,II,July01,2009, 100 Block of Shelton Rd, DOMESTIC VIOLENCE 3RD
357,B09-001527,8:20pm,II,July01,2009, 7000 Block of Highway 72 W, DUTY TO STOP AND REMAIN AT SCENE
358,B09-001529,10:24pm,III,July01,2009, 800 Block of Crestview Dr, BREAKING AND ENTERING A VEHICLE
359,B09-001529,10:24pm,III,III, 800 Block of Crestview Dr, THEFT 2ND DEGREE
360,B09-001530,11:00pm,III,July01,2009, 100 Block of Philadelphia Dr, DOMESTIC VIOLENCE 3RD
361,B09-001531,2:40am,III,July02,2009, 100 Block of Hughes Rd, DOMESTIC VIOLENCE 3RD
362,B09-001532,9:30am,I,July02,2009, Madison Eye Care Center, 34 Hughes Rd, THEFT 1ST DEGREE
363,B09-001533,9:01am,I,July02,2009, 100 Block of Nikki Ln, DOMESTIC VIOLENCE 3RD
364,B09-001537,3:25pm,II,July02,2009, Murphy Oil Usa, 8600 Madison Blvd, GAS DRIVEOFF
365,B09-001538,9:48pm,II,July02,2009, 100 Block of Brownsridge Ln, UNAUTHORIZED USE OF AUTO
366,B09-001539,6:15am,I,July03,2009, 100 Block of Westscott Dr, DOMESTIC VIOLENCE 3RD
367,B09-001540,10:00am,I,July03,2009, 100 Block of Spinnaker Cir, IDENTITY THEFT 1ST DEGREE
368,B09-001541,11:16am,I,July03,2009, 5000 Block of Wall Triana Hwy, THEFT 2ND DEGREE
369,B09-001542,1:45pm,I,July03,2009, 7000 Block of Old Madison Pike, HARASSING COMMUNICATIONS
370,B09-001545,11:33pm,III,July03,2009, Murphy Usa # 5721, 8600 Madison Blvd, GAS DRIVEOFF
371,B09-001548,9:55pm,II,July04,2009, 100 Block of Chadrick Dr, SHOOT   INTO OCCUPIED DWELLING/AUTO
372,B12-003401,2:00am,III,December01,2012, 100 Block of Hidden Springs Ct, THEFT 3RD DEGREE
373,B12-003402,1:45am,III,December01,2012, 100 Block of Royal Dr, DOMESTIC VIOLENCE 3RD
374,B12-003404,3:30am,III,December01,2012, 100 Block of Eldorado Dr, DOMESTIC VIOLENCE 3RD
375,B12-003405,3:30am,III,December01,2012, 100 Block of Eldorado Dr, DV 3RD-HARASSMENT-FAMILY
376,B12-003407,10:16am,I,December01,2012, 100 Block of Lewis Ln, IDENTITY THEFT
377,B12-003408,11:00am,I,December01,2012, 100 Block of Fox Den Ct, DOMESTIC VIOLENCE 3RD
378,B12-003409,12:30pm,I,December01,2012, 10000 Block of County Line Rd, UNLAWFUL BREAKING AND ENTERING A VEHICLE
379,B12-003409,12:30pm,I,I, 10000 Block of County Line Rd, THEFT 2ND DEGREE
380,B12-003411,1:52pm,I,December01,2012, 2000 Block of Flagstone Dr Madison, HARASSING COMMUNICATIONS
381,B12-003412,3:15pm,II,December01,2012, 100 Block of Yonex Dr, CRIMINAL MISCHIEF-3RD
382,B12-003415,1:41am,III,December02,2012, 300 Block of Gillespie Rd, HARASSING COMMUNICATIONS
383,B12-003415,1:41am,III,III, 300 Block of Gillespie Rd, CRIMINAL MISCHIEF-2ND
384,B12-003416,4:55am,III,December02,2012, Walmart Super Center #2690, 8650 Madison Blvd, THEFT 3RD DEGREE
385,B12-003416,4:55am,III,III, Walmart Super Center #2690, 8650 Madison Blvd, CRIMINAL TRESPASS
386,B12-003416,4:55am,III,III, Walmart Super Center #2690, 8650 Madison Blvd, MINOR OBTAINING ALCOHOLIC BEVERAGE (UNDER 21)
387,B12-003417,10:15am,I,December02,2012, 1000 Block of Liberty Dr, HARASSING COMMUNICATIONS
388,B12-003419,2:53pm,II,December02,2012, 100 Block of Leathertree Ln, BURGLARY-3RD
389,B12-003419,2:53pm,II,II, 100 Block of Leathertree Ln, THEFT 3RD DEGREE
390,B12-003422,3:50pm,II,December02,2012, 5000 Block of Wall Triana Hwy, UNLAWFUL BREAKING AND ENTERING A VEHICLE
391,B12-003422,3:50pm,II,II, 5000 Block of Wall Triana Hwy, THEFT 3RD DEGREE
392,B12-003424,5:59pm,II,December02,2012, 700 Block of Seina Vista Dr, HARASSMENT
393,B12-003425,8:02pm,II,December02,2012, 7000 Block of Old Madison Pike Madison, CRIMINAL MISCHIEF-3RD
394,B12-003426,7:35pm,II,December02,2012, Murphy Homes, 2 Green Creek Rd Madison, ARSON-2ND
395,B12-003427,9:47pm,II,December02,2012, 5000 Block of Wall Triana Hwy, ROBBERY-1ST
396,B12-003429,11:37am,I,December03,2012, Walmart Super Center #2690, 8650 Madison Blvd, THEFT 2ND DEGREE
397,B12-003430,11:55am,I,December03,2012, 9000 Block of Madison Blvd, UNLAWFUL BREAKING AND ENTERING A VEHICLE
398,B12-003430,11:55am,I,I, 9000 Block of Madison Blvd, THEFT 2ND DEGREE
399,B12-003431,12:20pm,I,December03,2012, 100 Block of Clifts Cove Blvd, THEFT 3RD DEGREE
400,B12-003432,3:09pm,II,December03,2012, City Of Madison, 100 Hughes Rd, MAKING FALSE REPORT TO LAW ENFORCEMENT OFFICER
401,B12-003433,3:10pm,II,December03,2012, City Of Madison, 100 Hughes Rd, MAKING FALSE REPORT TO LAW ENFORCEMENT OFFICER
402,B12-003435,5:12pm,II,December03,2012, 100 Block of Belle Ridge Dr, UNLAWFUL BREAKING AND ENTERING A VEHICLE
403,B12-003435,5:12pm,II,II, 100 Block of Belle Ridge Dr, THEFT 3RD DEGREE
404,B12-003437,7:31pm,II,December03,2012, 100 Block of Michael Av Madison, BURGLARY-3RD
405,B12-003437,7:31pm,II,II, 100 Block of Michael Av Madison, THEFT 2ND DEGREE
406,B12-003438,7:31pm,II,December03,2012, 100 Block of Michael Av Madison, THEFT 2ND DEGREE
407,B12-003439,7:10am,I,December04,2012, 100 Block of Chad Ln, UNLAWFUL BREAKING AND ENTERING A VEHICLE
408,B12-003439,7:10am,I,I, 100 Block of Chad Ln, THEFT 3RD DEGREE
409,B12-003441,12:15pm,I,December04,2012, 7000 Block of Highway 72 W, HARASSING COMMUNICATIONS
410,B12-003442,11:41am,I,December04,2012, 100 Block of Belle Cir, DOMESTIC VIOLENCE 3RD
411,B12-003443,12:44pm,I,December04,2012, Walmart Super Center #2690, 8650 Madison Blvd, THEFT 3RD DEGREE
412,B12-003444,12:31pm,I,December04,2012, 100 Block of Reinhart Cir, UNLAWFUL BREAKING AND ENTERING A VEHICLE
413,B12-003444,12:31pm,I,I, 100 Block of Reinhart Cir, THEFT 2ND DEGREE
414,B12-003445,1:55pm,I,December04,2012, 100 Block of Shelton Rd Madison, BURGLARY-3RD
415,B12-003445,1:55pm,I,I, 100 Block of Shelton Rd Madison, THEFT 2ND DEGREE
416,B12-003446,2:35pm,II,December04,2012, 200 Block of Rainbow Dr Madison, HARASSING COMMUNICATIONS
417,B12-003447,2:10pm,II,December04,2012, Petnet Solutions, 8650 Madison Blvd, UNLAWFUL BREAKING AND ENTERING A VEHICLE
418,B12-003447,2:10pm,II,II, Petnet Solutions, 8650 Madison Blvd, THEFT 2ND DEGREE
419,B12-003448,3:20pm,II,December04,2012, Walmart Super Center #2690, 8650 Madison Blvd, THEFT 3RD DEGREE
420,B12-003449,3:52pm,II,December03,2012, 100 Block of Arabian Dr Madison, IDENTITY THEFT
421,B12-003450,4:04pm,II,December04,2012, 9000 Block of Madison Blvd, DV 3RD-HARASSMENT-FAMILY
422,B12-003451,4:10pm,II,December04,2012, Cvs Pharmacy (Store 4884), 8503 Old Madison Pike, THEFT 3RD DEGREE
423,B12-003452,4:18pm,II,December04,2012, 100 Block of Royal Dr, DV 3RD-HARASSMENT-FAMILY
424,B12-003453,10:53pm,III,December04,2012, 100 Block of Royal Dr Madison, DV 3RD-SIMPLE ASSAULT-FAMILY
425,B12-003454,11:44pm,III,December04,2012, 100 Block of Royal Dr, CRIMINAL TRESPASS
426,B12-003455,9:03am,I,December05,2012, 200 Block of Dock Murphy Dr, THEFT 3RD DEGREE
427,B12-003457,5:01pm,II,December05,2012, 100 Block of W Dublin Dr Madison, THEFT 3RD DEGREE
428,B12-003459,10:04pm,III,December05,2012, Madison Beverage Company, 23 Shelton Rd, THEFT 3RD DEGREE
429,B12-003460,6:04am,I,December06,2012, 100 Block of Shelton Rd, UNLAWFUL BREAKING AND ENTERING A VEHICLE
430,B12-003460,6:04am,I,I, 100 Block of Shelton Rd, THEFT 3RD DEGREE
431,B12-003462,9:30am,I,December06,2012, 7000 Block of Hwy 72 Madison, THEFT 2ND DEGREE
432,B12-003463,10:12am,I,December06,2012, 100 Block of Hylis Cir, IDENTITY THEFT
433,B12-003465,11:46am,I,December06,2012, 900 Block of Highland Dr, IDENTITY THEFT
434,B12-003467,3:08pm,II,December06,2012, 100 Block of Park Square Ln, THEFT 2ND DEGREE
435,B12-003468,6:38pm,II,December06,2012, Edo`S Japanese Restaurant, 104 Intercom Dr, THEFT OF SERVICES-3
436,B12-003472,9:10pm,II,December06,2012, 100 Block of Scamp Landing, UNLAWFUL BREAKING AND ENTERING A VEHICLE
437,B12-003472,9:10pm,II,II, 100 Block of Scamp Landing, THEFT 2ND DEGREE
438,B12-003473,10:11pm,III,December06,2012, 100 Block of Park Square Ln, UNLAWFUL BREAKING AND ENTERING A VEHICLE
439,B12-003473,10:11pm,III,III, 100 Block of Park Square Ln, THEFT 3RD DEGREE
440,B12-003474,11:31pm,III,December06,2012, 100 Block of Melinda Dr, HARASSING COMMUNICATIONS
441,B09-001435,11:48pm,III,June21,2009, 300 Block of Gillespie Rd, HARASSMENT
442,B09-001436,12:35am,III,June21,2009, 100 Block of Darroby Dr, BREAKING  AND ENTERING  A VEHICLE
443,B09-001437,2:40am,III,June21,2009, State Of Alabama, Browns Ferry Rd, OBSTRUCTING JUSTICE-FALSE IDENTITY
444,B09-001438,3:00am,III,June21,2009, 100 Block of Westscott Dr, BURGLARY-3RD
445,B09-001438,3:00am,III,III, 100 Block of Westscott Dr, THEFT 1ST DEGREE
446,B09-001439,3:45am,III,June21,2009, 200 Block of Dartford Dr, DOMESTIC VIOLENCE 3RD
447,B09-001440,8:30am,I,June21,2009, Roberts Roofing, 9076 Madison Blvd, BURGLARY-3RD
448,B09-001440,8:30am,I,I, Roberts Roofing, 9076 Madison Blvd, THEFT 1ST DEGREE
449,B09-001443,2:18pm,II,June21,2009, area of Wall Triana, DUTY TO STOP AND REMAIN AT SCENE
450,B09-001444,3:15pm,II,June21,2009, 100 Block of Brazelton Cir, BREAKING AND ENTERING A VEHICLE
451,B09-001444,3:15pm,II,II, 100 Block of Brazelton Cir, THEFT 2ND DEGREE
452,B09-001445,2:18pm,II,June21,2009, area of Michael Ave, DUTY TO STOP AND REMAIN AT SCENE
453,B09-001448,9:00pm,II,June21,2009, 100 Block of Bayberry Ln, VIOLATION OF PROTECTION OR RESTRAINING ORDER
454,B09-001452,6:41am,I,June22,2009, Madison Nails & Spa, 10971 County Line Rd, CRIMINAL MISCHIEF-2ND
455,B09-001453,6:41am,I,June22,2009, Premier Center, 10971 County Line Rd, CRIMINAL MISCHIEF-2ND
456,B09-001454,7:08am,I,June22,2009, Madison Nail And Spa, 12070 County Line Rd, CRIMINAL  MISCHIEF-3RD
457,B09-001458,8:05pm,II,June22,2009, 100 Block of Brockton Dr, HARASSING COMMUNICATIONS
458,B09-001459,11:30pm,III,June22,2009, 100 Block of Hughes Rd, HARASSING COMMUNICATIONS
459,B09-001461,9:10am,I,June23,2009, The Heritage Station Homeowners Assoc, 116 Bayberry Ln, CRIMINAL MISCHIEF-2ND
460,B09-001462,9:30am,I,June23,2009, area of Gillespie Road, BREAKING AND ENTERING A VEHICLE
461,B09-001462,9:30am,I,I, area of Gillespie Road, THEFT 2ND DEGREE
462,B09-001463,10:00am,I,June23,2009, 1000 Block of Willow Ln, BURGLARY-3RD
463,B09-001463,10:00am,I,I, 1000 Block of Willow Ln, THEFT 1ST DEGREE
464,B09-001464,2:44pm,II,June23,2009, Animal Trax, 100 Hughes Rd, THEFT 2ND DEGREE
465,B09-001465,4:00pm,II,June23,2009, 300 Block of Loch Lomond Dr, IDENTITY THEFT 1ST DEGREE
466,B09-001466,6:07pm,II,June23,2009, 100 Block of Whisperwood Ln, THEFT OF SERVICES-1
467,B09-001467,11:12pm,III,June23,2009, 100 Block of Madison Point Pl, FORGERY 2ND
468,B09-001467,11:12pm,III,III, 100 Block of Madison Point Pl, THEFT 3RD DEGREE
469,B09-001468,11:00pm,III,June23,2009, 100 Block of Steele Dr, CRIMINAL MISCHIEF-2ND
470,B09-001469,3:35am,III,June24,2009, State Of Alabama, 8995 Madison Blvd, RECEIVING  STOLEN PROPERTY-1ST
471,B09-001470,5:14am,III,June24,2009, 100 Block of Westscott Dr, DOMESTIC VIOLENCE 3RD
472,B09-001471,4:30am,III,June24,2009, 8000 Block of Madison Blvd, THEFT 2ND DEGREE
473,B09-001474,9:00am,I,June24,2009, Horizon Elementary, 7855 Old Madison Pike, THEFT 3RD DEGREE
474,B09-001475,11:43am,I,June24,2009, 4000 Block of Sullivan St, THEFT OF LOST PROPERTY-3RD
475,B09-001476,3:50pm,II,June24,2009, 100 Block of Village Ln, HARASSING COMMUNICATIONS
476,B09-001477,4:00pm,II,June24,2009, area of Madison Haven 2, BREAKING AND ENTERING A VEHICLE
477,B09-001477,4:00pm,II,II, area of Madison Haven 2, THEFT 1ST DEGREE
478,B09-001478,8:20pm,II,June24,2009, 8000 Block of Old Madison Pike, THEFT 3RD DEGREE
479,B09-001479,2:40am,III,June25,2009, 9000 Block of Madison Blvd, CRIMINAL TAMPERING
480,B09-001480,8:00am,I,June25,2009, 100 Block of Royal Dr, DOMESTIC VIOLENCE 3RD
481,B09-001481,1:00pm,I,June25,2009, 7000 Block of Highway 72 W, POSS. FORGED INSTRUMENT   2ND
482,B09-001481,1:00pm,I,I, 7000 Block of Highway 72 W, THEFT 3RD DEGREE
483,B09-001483,5:15pm,II,June25,2009, 300 Block of Gillespie Rd, HARASSMENT
484,B09-001484,6:28pm,II,June25,2009, 100 Block of Hughes Rd, THEFT 3RD DEGREE
485,B09-001487,10:50am,I,June26,2009, 2000 Block of Flagstone Dr, IDENTITY THEFT 2ND DEGREE
486,B09-001490,11:30pm,III,June26,2009, 100 Block of Amsterdam Pl, DOMESTIC VIOLENCE 3RD
487,B09-001491,12:03am,III,June27,2009, 100 Block of Royal Dr, DOMESTIC VIOLENCE 3RD
488,B09-001370,10:03am,I,June14,2009, 100 Block of Briargate Ln, BREAKING AND ENTERING A VEHICLE
489,B09-001370,10:03am,I,I, 100 Block of Briargate Ln, THEFT 3RD DEGREE
490,B09-001371,5:00pm,II,June14,2009, 100 Block of Bridletrace Ln, CRIMINAL MISCHIEF-3RD
491,B09-001372,5:50pm,II,June14,2009, 1000 Block of Princeton Rd, HARASSMENT
492,B09-001373,10:44pm,III,June14,2009, 100 Block of Gillespie Rd, CRIMINAL MISCHIEF-3RD
493,B09-001376,10:52am,I,June15,2009, 100 Block of Pompano Dr, CRIMINAL MISCHIEF-3RD
494,B09-001377,11:10am,I,June15,2009, 100 Block of Royal Dr, IDENTITY THEFT 1ST DEGREE
495,B09-001378,12:00pm,I,June15,2009, 200 Block of Reserve Cir, THEFT 3RD DEGREE
496,B09-001379,3:25pm,II,June15,2009, State Of Alabama Abc Board, 8115 Highway 72 W, THEFT 3RD DEGREE
497,B09-001382,7:50pm,II,June15,2009, 100 Block of Jay Dr, THEFT 2ND DEGREE
498,B09-001383,9:00am,I,June16,2009, 300 Block of Intergraph Way, DUTY TO STOP AND REMAIN AT SCENE
499,B09-001385,12:00pm,I,June16,2009, 100 Block of Victoria Dr, BURGLARY-3RD
500,B09-001385,12:00pm,I,I, 100 Block of Victoria Dr, THEFT 2ND DEGREE
501,B09-001386,4:55pm,II,June16,2009, Walmart Super Center #2690, 8650 Madison Blvd, THEFT 3RD DEGREE
502,B09-001388,7:40pm,II,June16,2009, 8000 Block of Old Madison Pike, THEFT 3RD DEGREE
503,B09-001390,10:20pm,III,June16,2009, 100 Block of Hughes Rd, HARASSING COMMUNICATIONS
504,B09-001391,9:50pm,II,June16,2009, 100 Block of Royal Dr, DOMESTIC VIOLENCE 3RD
505,B09-001393,12:00pm,I,June16,2009, State Of Alabama, 117 Royal Dr, POSS. FORGED INSTRUMENT 2ND
506,B09-001395,9:00am,I,June17,2009, 200 Block of Andra St, DOMESTIC VIOLENCE 3RD
507,B09-001396,10:50am,I,June17,2009, 100 Block of W Lake Cir, HARASSMENT
508,B09-001397,10:35am,I,June17,2009, 100 Block of Stone Meadow Ln, IDENTITY THEFT 2ND DEGREE
509,B09-001398,10:30am,I,June17,2009, 100 Block of Mandolin Dr, THEFT OF LOST PROPERTY-2ND
510,B09-001400,2:32pm,II,June17,2009, 100 Block of Village Ln, CRIMINAL MISCHIEF-3RD
511,B09-001401,3:02pm,II,June17,2009, 8000 Block of Old Madison Pike, HARASSMENT
512,B09-001404,8:00am,I,June18,2009, Publix Pharmacy, 8000 Madison Blvd, CRIMINAL  MISCHIEF-2ND
513,B09-001406,9:00am,I,June18,2009, area of Madison Pike East Hughes, HARASSMENT
514,B09-001407,12:40pm,I,June18,2009, 400 Block of Walton Rd, THEFT 2ND DEGREE
515,B09-001410,3:26pm,II,June18,2009, 1000 Block of Slaughter Rd, THEFT 3RD DEGREE
516,B09-001411,6:30pm,II,June18,2009, 4000 Block of Sullivan St, THEFT 1ST DEGREE
517,B09-001412,6:55pm,II,June18,2009, Kroger Co, 300 Hughes Rd, THEFT 3RD DEGREE
518,B09-001415,7:00am,I,June19,2009, 200 Block of Kyser Blvd, CRIMINAL MISCHIEF-1ST
519,B09-001418,12:20pm,I,June19,2009, 100 Block of Park Square Ln, THEFT 3RD DEGREE
520,B09-001424,3:44am,III,June20,2009, 100 Block of Shelton Rd, DOMESTIC VIOLENCE 3RD
521,B09-001426,3:44am,III,June20,2009, 100 Block of Shelton Rd, CRIMINAL MISCHIEF-3RD
522,B09-001262,2:32am,III,May31,2009, 5000 Block of Wall Triana Hwy, AGGRAVATED ASSAULT 2ND NON FAMILY STRONG ARM
523,B09-001264,11:20am,I,May31,2009, 7000 Block of Highway 72 W, DOMESTIC  VIOLENCE 3RD
524,B09-001267,9:00am,I,June01,2009, 7000 Block of Highway 72 W, THEFT 2ND DEGREE
525,B09-001268,11:35am,I,June01,2009, 100 Block of Shoreline Dr, THEFT 2ND DEGREE
526,B09-001270,1:50pm,I,June01,2009, 200 Block of Pine Ridge Rd, THEFT 1ST DEGREE
527,B09-001271,4:02pm,II,June01,2009, 100 Block of Whitworth Ct, HARASSING COMMUNICATIONS
528,B09-001272,8:46pm,II,June01,2009, 700 Block of Cardinal Av, THEFT 3RD DEGREE
529,B09-001272,8:46pm,II,II, 700 Block of Cardinal Av, FORGERY 3RD
530,B09-001273,11:08pm,III,June01,2009, 8000 Block of Madison Blvd, THEFT 2ND DEGREE
531,B09-001274,11:30pm,III,June01,2009, area of Angela Dr, DOMESTIC VIOLENCE 3RD
532,B09-001275,5:25pm,II,June02,2009, 100 Block of Mildred Way, CRIMINAL USE OF NOXIOUS SUBSTANCE
533,B09-001277,10:17pm,III,June02,2009, State Of Alabama, 1329 Browns Ferry Rd, ESCAPE 3RD
534,B09-001278,12:17am,III,June03,2009, 300 Block of Waters Edge Ln, DOMESTIC   VIOLENCE 3RD
535,B09-001280,3:15am,III,June03,2009, Dublin Park, 8324 Old Madison Pike, CRIMINAL  MISCHIEF-3RD
536,B09-001282,4:00pm,II,June03,2009, 400 Block of Marion Dr, HARASSMENT
537,B09-001284,7:06pm,II,June03,2009, 100 Block of Telluride Dr, BURGLARY-2ND
538,B09-001284,7:06pm,II,II, 100 Block of Telluride Dr, THEFT 3RD DEGREE
539,B09-001286,1:25am,III,June04,2009, 100 Block of W Dublin Dr, DOMESTIC VIOLENCE 3RD
540,B09-001287,11:46pm,III,June03,2009, 100 Block of Wellington Dr, DOMESTIC VIOLENCE 3RD
541,B09-001288,1:05pm,I,June04,2009, 100 Block of Royal Dr, BURGLARY-3RD
542,B09-001288,1:05pm,I,I, 100 Block of Royal Dr, THEFT 1ST DEGREE
543,B09-001292,10:25am,I,June05,2009, Enterprise Lsg S Central, 9300 Madison Blvd, AUTO THEFT-1ST DEGREE
544,B09-001293,3:11pm,II,June05,2009, 100 Block of Abby Ln, BURGLARY-3RD
545,B09-001293,3:11pm,II,II, 100 Block of Abby Ln, THEFT 2ND DEGREE
546,B09-001294,4:06pm,II,June05,2009, 100 Block of Royal Dr, BURGLARY-3RD
547,B09-001294,4:06pm,II,II, 100 Block of Royal Dr, THEFT 2ND DEGREE
548,B09-001295,5:13pm,II,June05,2009, City Of Madison, Stone Meadow Ln / Sunset Blvd, DISORDERLY   CONDUCT
549,B09-001296,7:38pm,II,June05,2009, 8000 Block of Madison Blvd, HARASSMENT
550,B09-001297,9:50pm,II,June05,2009, 100 Block of W Dublin Dr, HARASSING COMMUNICATIONS
551,B09-001298,4:09am,III,June06,2009, 300 Block of Waters Edge Ln, DOMESTIC   VIOLENCE 3RD
552,B09-001299,4:09am,III,June06,2009, area of Mountain Brook Blvd / Zierdt Rd, HARASSMENT
553,B09-001193,12:54pm,I,May24,2009, City Of Madison, 101 Portal Ln, RESISTING ARREST
554,B09-001193,12:54pm,I,I, City Of Madison, 101 Portal Ln, OBSTRUCTING GOVERNMENT OPERATIONS
555,B09-001195,5:40pm,II,May24,2009, 200 Block of Andra St, DOMESTIC VIOLENCE 3RD
556,B09-001196,5:06pm,II,May24,2009, 200 Block of Kyser Blvd, THEFT 3RD DEGREE
557,B09-001197,6:30pm,II,May24,2009, 300 Block of Sunset Blvd, THEFT 2ND DEGREE
558,B09-001198,7:10pm,II,May24,2009, Murphy Oil Usa, 8600 Madison Blvd, GAS DRIVEOFF
559,B09-001201,5:01am,III,May25,2009, 100 Block of Beaver Run Dr, BREAKING AND ENTERING A VEHICLE
560,B09-001201,5:01am,III,III, 100 Block of Beaver Run Dr, THEFT 3RD DEGREE
561,B09-001202,5:08am,III,May25,2009, 100 Block of Beaver Run Dr, BREAKING AND ENTERING A VEHICLE
562,B09-001202,5:08am,III,III, 100 Block of Beaver Run Dr, THEFT 3RD DEGREE
563,B09-001203,5:01am,III,May25,2009, 100 Block of Beaver Run Dr, BREAKING AND ENTERING A VEHICLE
564,B09-001203,5:01am,III,III, 100 Block of Beaver Run Dr, THEFT 3RD DEGREE
565,B09-001204,7:02am,I,May25,2009, 100 Block of Dusty Tr, BREAKING AND ENTERING A VEHICLE
566,B09-001205,7:02am,I,May25,2009, 100 Block of Dusty Tr, BREAKING AND ENTERING A VEHICLE
567,B09-001206,7:33am,I,May25,2009, 100 Block of Dusty Tr, BREAKING  AND ENTERING  A VEHICLE
568,B09-001207,8:00am,I,May25,2009, 100 Block of Stargate Dr, BURGLARY-2ND
569,B09-001207,8:00am,I,I, 100 Block of Stargate Dr, THEFT 2ND DEGREE
570,B09-001208,8:46am,I,May25,2009, 100 Block of Lindell Dr, BREAKING AND ENTERING A VEHICLE
571,B09-001209,8:46am,I,May25,2009, 100 Block of Lindell Dr, BREAKING AND ENTERING A VEHICLE
572,B09-001210,3:45pm,II,May25,2009, 100 Block of Royal Dr, THEFT OF OTHER VEHICLES (MOTORCYCLES, SNOWMOBILES, ETC
573,B09-001211,7:00pm,II,May25,2009, Kroger Co, 300 Hughes Rd, THEFT 3RD DEGREE
574,B09-001212,9:22pm,II,May25,2009, State Of Alabama, 7813 Highway 72 W, POSS. FORGED INSTRUMENT 2ND
575,B09-001214,2:33am,III,May26,2009, 400 Block of Shamrock Dr, DOMESTIC VIOLENCE 3RD
576,B09-001216,9:20am,I,May26,2009, 2000 Block of Flagstone Dr, HARASSING COMMUNICATIONS
577,B09-001217,9:30am,I,May26,2009, Parton Contracting, Ascot Ln, CRIMINAL MISCHIEF-1ST
578,B09-001218,9:40am,I,May26,2009, 200 Block of Kyser Blvd, THEFT 2ND DEGREE
579,B09-001219,10:40am,I,May26,2009, Hertz Rental Corp, 9091 Madison Blvd, UNAUTHORIZED USE OF AUTO
580,B09-001220,1:30pm,I,May26,2009, 100 Block of Bridletrace Ln, THEFT  3RD  DEGREE
581,B09-001221,2:50pm,II,May26,2009, 200 Block of Chantilly Ln, BURGLARY-2ND
582,B09-001221,2:50pm,II,II, 200 Block of Chantilly Ln, THEFT 3RD DEGREE
583,B09-001222,2:45pm,II,May26,2009, 10000 Block of County Line Rd, THEFT 3RD DEGREE
584,B09-001223,3:39pm,II,May26,2009, 100 Block of Redwood Dr, BURGLARY-3RD
585,B09-001223,3:39pm,II,II, 100 Block of Redwood Dr, THEFT 2ND DEGREE
586,B09-001224,4:30pm,II,May26,2009, 100 Block of Eldorado Dr, BREAKING AND ENTERING A VEHICLE
587,B09-001225,6:00pm,II,May26,2009, 3000 Block of Sullivan St, THEFT 2ND DEGREE
588,B09-001226,6:14pm,II,May26,2009, 100 Block of Spotted Fawn, THEFT 1ST DEGREE
589,B09-001228,12:07am,III,May27,2009, 2000 Block of Flagstone Dr, HARASSING COMMUNICATIONS
590,B09-001229,6:35am,I,May27,2009, Board Of Education, 211 Celtic Dr, CRIMINAL MISCHIEF-3RD
591,B09-001230,8:07am,I,May27,2009, City Of Madison School System, 650 Hughes Rd, CRIMINAL MISCHIEF-2ND
592,B09-001231,9:30am,I,May27,2009, 100 Block of Inland Bay, DOMESTIC VIOLENCE 3RD
593,B09-001232,11:32am,I,May27,2009, Dominos Pizza, 437 Hughes Rd, CRIMINAL MISCHIEF-3RD
594,B09-001233,12:36pm,I,May27,2009, 200 Block of Kyser Blvd, THEFT 3RD DEGREE
595,B09-001234,2:36pm,II,May27,2009, 300 Block of Gillespie Rd, HARASSING   COMMUNICATIONS
596,B09-001235,3:45pm,II,May27,2009, 8000 Block of Madison Blvd, CRIMINAL MISCHIEF-3RD
597,B09-001236,8:20pm,II,May27,2009, Walmart Supercenter, 8650 Madison Blvd, THEFT 3RD DEGREE
598,B09-001239,10:33pm,III,May27,2009, 200 Block of Waters Edge Ln, CRIMINAL MISCHIEF-3RD
599,B09-001241,10:45am,I,May28,2009, 100 Block of Forest Creek Dr, DOMESTIC VIOLENCE 3RD
600,B09-001242,12:45pm,I,May28,2009, Auboys Llc Dba/ Madison Markets, 97 Hughes Rd, CRIMINAL MISCHIEF-2ND
601,B09-001243,2:30pm,II,May28,2009, 8000 Block of Highway 72 W, THEFT 2ND DEGREE
602,B09-001244,5:45pm,II,May28,2009, 4000 Block of Wall Triana Hwy, ROBBERY-3RD-STREET-STRONG ARM
603,B09-001245,11:34pm,III,May28,2009, 10000 Block of County Line Rd, BREAKING AND ENTERING A VEHICLE
604,B09-001245,11:34pm,III,III, 10000 Block of County Line Rd, THEFT 3RD DEGREE
605,B09-001246,11:00am,I,May29,2009, 100 Block of High St, THEFT 3RD DEGREE
606,B09-001247,1:09pm,I,May29,2009, area of I565/ Intergraph Way, BREAKING  AND ENTERING  A VEHICLE
607,B09-001247,1:09pm,I,I, area of I565/ Intergraph Way, THEFT 3RD DEGREE
608,B09-001248,1:00pm,I,May29,2009, 100 Block of Cottonwood Tr, AUTO THEFT-1ST DEGREE
609,B09-001249,3:00pm,II,May29,2009, 100 Block of Royal Dr, DOMESTIC VIOLENCE 3RD
610,B09-001250,3:00pm,II,May29,2009, 100 Block of Lynbrook Blvd, CRIMINAL MISCHIEF-3RD
611,B09-001253,5:51pm,II,May29,2009, 100 Block of Angela Dr, BREAKING AND ENTERING A VEHICLE
612,B09-001253,5:51pm,II,II, 100 Block of Angela Dr, THEFT 3RD DEGREE
613,B09-001255,12:22am,III,May30,2009, 200 Block of Foy Rd, THEFT 1ST DEGREE
614,B09-001257,12:30pm,I,May30,2009, 7000 Block of Old Madison Pike, THEFT OF OTHER VEHICLES (MOTORCYCLES, SNOWMOBILES, ETC
615,B09-001260,4:17pm,II,May30,2009, 300 Block of Gillespie Rd, HARASSMENT
616,B09-001261,6:06pm,II,May30,2009, 7000 Block of Old Madison Pike, THEFT OF  OTHER VEHICLES (MOTORCYCLES, SNOWMOBILES, ETC
617,B12-003496,2:43am,III,December08,2012, 100 Block of Shelton Rd Madison, DV 3RD-SIMPLE ASSAULT-FAMILY
618,B12-003496,2:43am,III,III, 100 Block of Shelton Rd Madison, INTERFERENCE WITH A DOMESTIC VIOLENCE EMERGENCY CALL
619,B12-003497,10:03am,I,December08,2012, 100 Block of Wesley Clark Blvd Madison, DOMESTIC VIOLENCE 3RD
620,B12-003498,10:15am,I,December08,2012, 600 Block of Hughes Rd Madison, DV 2ND-STALKING
621,B12-003499,11:00am,I,December08,2012, Tech Stars, 9582 Madison Blvd, THEFT 3RD DEGREE
622,B12-003500,1:42pm,I,December08,2012, Walmart Super Center #2690, 8650 Madison Blvd, THEFT 3RD DEGREE
623,B12-003501,7:55pm,II,December08,2012, 100 Block of St Anne Rd, AGGRAVATED ASSAULT 2ND NON FAMILY OTHER WEAPON
624,B12-003505,1:15pm,I,December09,2012, 100 Block of Royal Dr Madison, BURGLARY-3RD
625,B12-003505,1:15pm,I,I, 100 Block of Royal Dr Madison, THEFT 3RD DEGREE
626,B12-003506,1:58pm,I,December09,2012, 200 Block of Rainbow Dr, CRIMINAL MISCHIEF-3RD
627,B12-003507,3:35pm,II,December09,2012, 100 Block of Portal Ln, CRIMINAL MISCHIEF-3RD
628,B12-003511,6:00am,I,December10,2012, 100 Block of Tidewater Dr, UNLAWFUL BREAKING AND ENTERING A VEHICLE
629,B12-003512,9:57am,I,December10,2012, 600 Block of Hughes Rd, THEFT 3RD DEGREE
630,B12-003513,11:10am,I,December10,2012, 200 Block of Harborview Dr, CRIMINAL MISCHIEF-3RD
631,B12-003514,12:00pm,I,December10,2012, 100 Block of Tudor Pl, UNLAWFUL BREAKING AND ENTERING A VEHICLE
632,B12-003514,12:00pm,I,I, 100 Block of Tudor Pl, THEFT 2ND DEGREE
633,B12-003515,12:57pm,I,December10,2012, 100 Block of Arlington Dr, MENACING
634,B12-003516,1:05pm,I,December10,2012, 5000 Block of Wall Triana Hwy, BURGLARY-3RD
635,B12-003519,4:18pm,II,December10,2012, 100 Block of Whitcomb Cir, IDENTITY THEFT
636,B12-003520,5:06pm,II,December10,2012, 100 Block of Jodi Dr Madison, CRIMINAL MISCHIEF-3RD
637,B12-003521,7:00pm,II,December10,2012, 5000 Block of Wall Triana Hwy Madison, BURGLARY-3RD
638,B12-003521,7:00pm,II,II, 5000 Block of Wall Triana Hwy Madison, THEFT 2ND DEGREE
639,B12-003524,12:56am,III,December11,2012, Target, 8207 Highway 72 W, THEFT 2ND DEGREE
640,B12-003525,7:15am,I,December11,2012, 100 Block of Fox Island Ct, BURGLARY-2ND
641,B12-003525,7:15am,I,I, 100 Block of Fox Island Ct, UNLAWFUL BREAKING AND ENTERING A VEHICLE
642,B12-003526,7:30am,I,December11,2012, 100 Block of Fox Lake Dr, UNLAWFUL BREAKING AND ENTERING A VEHICLE
643,B12-003526,7:30am,I,I, 100 Block of Fox Lake Dr, THEFT 2ND DEGREE
644,B12-003527,7:30am,I,December11,2012, 200 Block of Mainsail Way, UNLAWFUL BREAKING AND ENTERING A VEHICLE
645,B12-003527,7:30am,I,I, 200 Block of Mainsail Way, THEFT 2ND DEGREE
646,B12-003528,8:00am,I,December11,2012, 200 Block of Bimini Ct, UNLAWFUL BREAKING AND ENTERING A VEHICLE
647,B12-003528,8:00am,I,I, 200 Block of Bimini Ct, THEFT 3RD DEGREE
648,B12-003529,7:30am,I,December11,2012, 200 Block of Mainsail Way, UNLAWFUL BREAKING AND ENTERING A VEHICLE
649,B12-003529,7:30am,I,I, 200 Block of Mainsail Way, THEFT 2ND DEGREE
650,B12-003530,8:45am,I,December11,2012, 200 Block of Mainsail Way, UNLAWFUL BREAKING AND ENTERING A VEHICLE
651,B12-003530,8:45am,I,I, 200 Block of Mainsail Way, THEFT 2ND DEGREE
652,B12-003531,9:15am,I,December11,2012, 800 Block of Rainbow Ridge Way, BURGLARY-3RD
653,B12-003531,9:15am,I,I, 800 Block of Rainbow Ridge Way, THEFT 2ND DEGREE
654,B12-003532,9:30am,I,December11,2012, 100 Block of Compass Point Dr, UNLAWFUL BREAKING AND ENTERING A VEHICLE
655,B12-003532,9:30am,I,I, 100 Block of Compass Point Dr, THEFT 3RD DEGREE
656,B12-003533,10:21am,I,December11,2012, 100 Block of Compass Point Dr, CRIMINAL MISCHIEF-3RD
657,B12-003534,11:04am,I,December11,2012, 2000 Block of Flagstone Drive Madison, ILLEGAL POSS/USE CREDIT CARD
658,B12-003534,11:04am,I,I, 2000 Block of Flagstone Drive Madison, THEFT 2ND DEGREE
659,B12-003536,3:00pm,II,December11,2012, 100 Block of Leabrook Cir,   BURGLARY-3RD
660,B12-003536,3:00pm,II,II, 100 Block of Leabrook Cir,   BURGLARY-3RD
661,B12-003536,3:00pm,II,II, 100 Block of Leabrook Cir,   THEFT 3RD DEGREE
662,B12-003536,3:00pm,II,II, 100 Block of Leabrook Cir,   THEFT 3RD DEGREE
663,B12-003537,3:53pm,II,December11,2012, 100 Block of Madison Point Pl, BURGLARY-3RD
664,B12-003537,3:53pm,II,II, 100 Block of Madison Point Pl, THEFT 3RD DEGREE
665,B12-003538,4:15pm,II,December11,2012, Walmart Super Center #2690, 8650 Madison Blvd, THEFT 3RD DEGREE
666,B12-003539,11:25pm,III,December11,2012, 100 Block of Royal Dr Madison, BURGLARY-3RD
667,B12-003539,11:25pm,III,III, 100 Block of Royal Dr Madison, THEFT 3RD DEGREE
668,B12-003542,8:15am,I,December12,2012, Clem Tire Co, 7907 Highway 72 W, THEFT 3RD DEGREE
669,B12-003543,9:30am,I,December12,2012, Real Floors, 220 Production Av, BURGLARY-3RD
670,B12-003545,12:00pm,I,December12,2012, 300 Block of Oak St, BURGLARY-3RD
671,B12-003546,1:36pm,I,December12,2012, 100 Block of Village Ln Madison, THEFT 3RD DEGREE
672,B12-003547,1:42pm,I,December12,2012, Papa Jacks Ez Stop, 5191 Wall Triana Hwy, CIRCULATING EMITTED MONEY
673,B12-003548,3:20pm,II,December12,2012, 100 Block of Park Square Ln, UNLAWFUL BREAKING AND ENTERING A VEHICLE
674,B12-003549,4:00pm,II,December12,2012, 8000 Block of Madison Blvd, THEFT 2ND DEGREE
675,B12-003553,4:35pm,II,December12,2012, 100 Block of Michael Av Madison, SWITCHED TAG
676,B12-003554,5:43pm,II,December12,2012, 100 Block of Manningham Dr Madison, THEFT 2ND DEGREE
677,B12-003556,10:17pm,III,December12,2012, 100 Block of Melinda Dr, HARASSING COMMUNICATIONS
678,B12-003559,9:41am,I,December13,2012, Walmart Super Center #2690, 100 Hughes Rd, THEFT 3RD DEGREE
679,B12-003560,10:30am,I,December13,2012, 1000 Block of Arnold Rd, UNAUTHORIZED USE OF AUTO
680,B12-003563,1:11pm,I,December13,2012, Iberia Bank, 53 Hughes Rd, POSS. FORGED INSTRUMENT 2ND
681,B12-003564,7:01pm,II,December13,2012, 100 Block of Park Square Ln, UNLAWFUL BREAKING AND ENTERING A VEHICLE
682,B12-003565,11:20pm,III,December13,2012, City Of Madison, Pebble Brook Cir / Wall Triana Hwy, ATTEMPTING TO FLEE OR ELUDE POLICE OFFICER
683,B12-003567,2:25am,III,December14,2012, 100 Block of Mickelo Ln, DV 3RD-HARASSMENT-FAMILY
684,B12-003567,2:25am,III,III, 100 Block of Mickelo Ln, DV 3RD-CRIMINAL MISCHIEF 3RD
685,-,11:13pm,III,May21,2009, 100 Block of Angela Dr, DOMESTIC VIOLENCE 3RD
686,B09-001141,12:00pm,I,May17,2009, 100 Block of Steele Dr, CRIMINAL MISCHIEF-1ST
687,B09-001142,6:00pm,II,May17,2009, 8000 Block of Madison Blvd, AGGRAVATED ASSAULT 3RD
688,B09-001143,2:38am,III,May18,2009, 8000 Block of Madison Blvd, DOMESTIC VIOLENCE 3RD
689,B09-001144,9:00am,I,May18,2009, 200 Block of Dock Murphy Dr, HARASSMENT
690,B09-001145,10:45am,I,May18,2009, 7000 Block of Highway 72 W, POSS. FORGED INSTRUMENT 2ND
691,B09-001145,10:45am,I,I, 7000 Block of Highway 72 W, THEFT 3RD DEGREE
692,B09-001146,11:15am,I,May18,2009, Lumber Logistics` Company, 8697 Madison Blvd, CRIMINAL MISCHIEF-3RD
693,B09-001147,5:40pm,II,May18,2009, 600 Block of Hughes Rd, THEFT 3RD DEGREE
694,B09-001148,6:05pm,II,May18,2009, 300 Block of Hughes Rd, HARASSMENT
695,B09-001149,6:30pm,II,May18,2009, 1000 Block of Cardinal Av, THEFT 3RD DEGREE
696,B09-001150,7:59pm,II,May18,2009, Ashley Green Homeowners Association, 117 Bay Pointe Ln, CRIMINAL MISCHIEF-2ND
697,B09-001151,7:00pm,II,May18,2009, 100 Block of Emerald Ln, IDENTITY THEFT 1ST DEGREE
698,B09-001152,9:00pm,II,May18,2009, 300 Block of Autumn Ln, DOMESTIC  VIOLENCE 3RD
699,B09-001154,10:20pm,III,May18,2009, 500 Block of Palmer Rd, THEFT 3RD DEGREE
700,B09-001155,10:35pm,III,May18,2009, 500 Block of Palmer Rd, THEFT 3RD DEGREE
701,B09-001156,10:40pm,III,May18,2009, 900 Block of Hughes Rd, BREAKING AND ENTERING A VEHICLE
702,B09-001156,10:40pm,III,III, 900 Block of Hughes Rd, THEFT 3RD DEGREE
703,B09-001157,10:20am,I,May19,2009, 4000 Block of Sullivan St, THEFT 3RD DEGREE
704,B09-001158,2:22pm,II,May19,2009, 600 Block of Hughes Rd, THEFT 2ND DEGREE
705,B09-001161,3:19pm,II,May19,2009, 100 Block of Royal Dr, HARASSING COMMUNICATIONS
706,B09-001162,4:45pm,II,May19,2009, 20000 Block of Hardiman Rd, DOMESTIC VIOLENCE 3RD
707,B09-001163,7:20pm,II,May19,2009, 100 Block of Mattie Ct, DOMESTIC VIOLENCE 3RD
708,B09-001166,12:50pm,I,May20,2009, area of, ILLEGAL POSS/USE CREDIT CARD
709,B09-001167,2:30pm,II,May20,2009, 4000 Block of Wall Triana Hwy, THEFT 3RD  DEGREE
710,B09-001168,5:30pm,II,May20,2009, 100 Block of Village Ln, ILLEGAL POSS/USE CREDIT CARD
711,B09-001169,2:05am,III,May21,2009, Waffle House 581, 8979 Madison Blvd, THEFT 3RD DEGREE
712,B09-001171,1:30pm,I,May21,2009, 200 Block of Kyser Blvd, THEFT 2ND DEGREE
713,B09-001172,2:30pm,II,May21,2009, 300 Block of Waters Edge Ln, FORGERY-CHECKS
714,B09-001172,2:30pm,II,II, 300 Block of Waters Edge Ln, THEFT 3RD DEGREE
715,B09-001174,4:51pm,II,May21,2009, 200 Block of Pin Oak Dr, BREAKING AND ENTERING A VEHICLE
716,B09-001174,4:51pm,II,II, 200 Block of Pin Oak Dr, THEFT 3RD DEGREE
717,B09-001175,5:54pm,II,May21,2009, 400 Block of Summerview Dr, THEFT 2ND  DEGREE
718,B09-001176,5:50pm,II,May21,2009, 200 Block of Mercer Dr, HARASSING COMMUNICATIONS
719,B09-001177,11:13pm,III,May21,2009, 100 Block of Angela Dr, DOMESTIC VIOLENCE 3RD
720,B09-001178,7:48am,I,May22,2009, 100 Block of Michli Rd, DUTY TO STOP AND REMAIN AT SCENE
721,B09-001179,12:09pm,I,May22,2009, 8000 Block of Madison Blvd, SIMPLE ASSAULT
722,B09-001182,2:19pm,II,May22,2009, 100 Block of Michael Av, DOMESTIC VIOLENCE 3RD
723,B09-001183,8:43pm,II,May22,2009, 100 Block of Sunset Ridge, HARASSMENT
724,B09-001185,7:00am,I,May23,2009, 200 Block of Red Oak Pl, DOMESTIC VIOLENCE 3RD
725,B09-001189,12:49pm,I,May23,2009, area of Sullivan St, DUTY TO  STOP AND REMAIN AT SCENE
726,B09-001191,4:30pm,II,May23,2009, 200 Block of Pine Ridge Rd, THEFT 2ND DEGREE
727,B09-001192,8:25pm,II,May23,2009, Walmart Supercenter, 8650 Madison Blvd, THEFT 3RD DEGREE
728,B12-003585,12:51am,III,December15,2012, State Of Alabama, Mahan Dr Madison / Shelton Rd, MINIMUM AGE PURCHASE, CONSUME, POSSESS, TRANSPORT ALCOHOL
729,B12-003587,11:33am,I,December15,2012, 100 Block of Mountain View Ln, DV 3RD-HARASSMENT-FAMILY
730,B12-003588,12:15pm,I,December15,2012, 500 Block of Hughes Rd, HARASSMENT
731,B12-003589,2:27pm,II,December15,2012, 200 Block of Watterson Way, ILLEGAL POSS/USE CREDIT CARD
732,B12-003590,2:14pm,II,December15,2012, area of Field South Of County Line Rd Overpass Madison, CRIMINAL MISCHIEF-2ND
733,B12-003591,2:03pm,II,December15,2012, area of County Line Rd / Production Av, CRIMINAL MISCHIEF-2ND
734,B12-003595,4:00pm,II,December15,2012, 1000 Block of Cathedral Cir, HARASSING COMMUNICATIONS
735,B12-003599,12:25am,III,December16,2012, 100 Block of Royal Dr Madison, DV 3RD-HARASSMENT-FAMILY
736,B12-003600,2:42am,III,December16,2012, 100 Block of Royal Dr Madison, THEFT 2ND DEGREE
737,B12-003601,2:26am,III,December16,2012, Madison City Schools, 281 Dock Murphy Dr, CRIMINAL TAMPERING 2ND
738,B12-003602,4:16am,III,December16,2012, Waffle House, 1635 Hughes Rd, THEFT OF SERVICES-3
739,B12-003604,6:47am,I,December16,2012, 200 Block of Goldenrod Ln, BURGLARY-3RD
740,B12-003604,6:47am,I,I, 200 Block of Goldenrod Ln, THEFT 1ST DEGREE
741,B12-003605,7:45am,I,December16,2012, 8000 Block of Madison Blvd, CRIMINAL MISCHIEF-3RD
742,B12-003606,12:26pm,I,December16,2012, Jeff Benton Homes, 200 Helmsley Ct, CRIMINAL MISCHIEF-2ND
743,B12-003607,12:48pm,I,December16,2012, Breland Homes, 201 Maplebrook Dr, CRIMINAL MISCHIEF-2ND
744,B12-003608,1:40pm,I,December16,2012, 800 Block of Highland Dr, DV 3RD-HARASSMENT-FAMILY
745,B12-003609,9:20pm,II,December16,2012, 100 Block of Landers Dr, HARASSMENT
746,B12-003611,9:20am,I,December17,2012, 600 Block of Eastview Dr, DV 3RD-HARASSMENT-FAMILY
747,B12-003612,9:27am,I,December17,2012, 100 Block of Royal Dr, CHINS-CHILD IN NEED OF SUPERVISION
748,B12-003612,9:27am,I,I, 100 Block of Royal Dr, OTHER
749,B12-003614,12:21pm,I,December17,2012, 100 Block of Royal Dr, DV 3RD-HARASSMENT-FAMILY
750,B12-003616,1:06pm,I,December17,2012, 7000 Block of Highway 72 W, THEFT 1ST DEGREE
751,B12-003617,6:00pm,II,December17,2012, 8000 Block of Highway 72 W, HARASSMENT
752,B12-003618,6:30pm,II,December17,2012, 8000 Block of Madison Blvd, UNLAWFUL BREAKING AND ENTERING A VEHICLE
753,B12-003618,6:30pm,II,II, 8000 Block of Madison Blvd, THEFT 3RD DEGREE
754,B12-003619,6:27pm,II,December17,2012, 3000 Block of Flag Cir, DV 3RD-CRIMINAL MISCHIEF 3RD
755,B12-003621,8:30pm,II,December17,2012, City Of Madison, 5191 Wall Triana Hwy Madison, CIRCULATING EMITTED MONEY
756,B12-003622,7:36am,I,December18,2012, 200 Block of Kyser Blvd, UNLAWFUL BREAKING AND ENTERING A VEHICLE
757,B12-003622,7:36am,I,I, 200 Block of Kyser Blvd, THEFT 2ND DEGREE
758,B12-003624,8:05am,I,December18,2012, 600 Block of Colonial Lake Dr Madison, UNLAWFUL BREAKING AND ENTERING A VEHICLE
759,B12-003624,8:05am,I,I, 600 Block of Colonial Lake Dr Madison, THEFT 3RD DEGREE
760,B12-003625,9:43am,I,December18,2012, 100 Block of Landers Dr, HARASSMENT
761,B12-003626,11:11am,I,December18,2012, 200 Block of Kyser Blvd, UNLAWFUL BREAKING AND ENTERING A VEHICLE
762,B12-003626,11:11am,I,I, 200 Block of Kyser Blvd, THEFT 3RD DEGREE
763,B12-003627,11:30am,I,December18,2012, Madison City Board Of Education, 11306 County Line Rd, CARRYING CONCEALED WEAPON
764,B12-003628,12:30pm,I,December18,2012, Agility Logistics, 480 Production Ave Madison, DUTY UPON STRIKING A FIXED OBJECT
765,B12-003629,4:52pm,II,December18,2012, 4000 Block of Wall Triana Hwy, HARASSING COMMUNICATIONS
766,B12-003630,4:52pm,II,December18,2012, 4000 Block of Wall Triana Hwy, HARASSING COMMUNICATIONS
767,B12-003632,6:09pm,II,December18,2012, 200 Block of Kyser Blvd, UNLAWFUL BREAKING AND ENTERING A VEHICLE
768,B12-003632,6:09pm,II,II, 200 Block of Kyser Blvd, THEFT 3RD DEGREE
769,B12-003634,9:04pm,II,December18,2012, area of Near 9035 Madison Blvd Madison, DUTY TO STOP AND REMAIN AT SCENE
770,B12-003635,6:50am,I,December19,2012, 100 Block of Crownridge Dr, CRIMINAL MISCHIEF-3RD
771,B12-003636,7:00am,I,December19,2012, 100 Block of Crownridge Dr, CRIMINAL MISCHIEF-3RD
772,B12-003637,7:05am,I,December19,2012, 100 Block of Crownridge Dr, CRIMINAL MISCHIEF-3RD
773,B12-003638,7:45am,I,December19,2012, 500 Block of Rainbow Dr, CRIMINAL MISCHIEF-3RD
774,B12-003639,8:40am,I,December19,2012, 100 Block of Coveshire Pl, CRIMINAL MISCHIEF-2ND
775,B12-003640,9:00am,I,December19,2012, 3000 Block of Sullivan St Madison, ROBBERY-3RD-BANK INSTITUTION-OTHER WEAPON
776,B12-003641,9:10am,I,December19,2012, 100 Block of Misty Glade Ct, CRIMINAL MISCHIEF-3RD
777,B12-003643,9:40am,I,December19,2012, 100 Block of Carriage Hill, CRIMINAL MISCHIEF-3RD
778,B12-003644,11:30am,I,December19,2012, 100 Block of Lansdowne Dr, CRIMINAL MISCHIEF-2ND
779,B12-003646,1:45pm,I,December19,2012, City Of Madison, 5191 Wall Triana Hwy, CIRCULATING EMITTED MONEY
780,B12-003647,2:43pm,II,December19,2012, Mls Inc, 8000 Old Madison Pike, CRIMINAL MISCHIEF-3RD
781,B12-003649,7:06pm,II,December19,2012, Walmart Super Center #2690, 8650 Madison Blvd, THEFT 2ND DEGREE
782,B12-003650,7:00pm,II,December19,2012, 100 Block of Forest Creek Dr, DV 3RD-CRIMINAL MISCHIEF 3RD
783,B12-003668,9:40am,I,December21,2012, 100 Block of Hughes Rd, THEFT 3RD DEGREE
784,B12-003669,12:10pm,I,December21,2012, Walmart Super Center #2690, 8650 Madison Blvd, THEFT 3RD DEGREE
785,B12-003670,12:47pm,I,December21,2012, State Of Alabama, 8650 Madison Blvd, ILLEGAL POSS/USE CREDIT CARD
786,B12-003671,11:50am,I,December21,2012, 200 Block of Dock Murphy Dr, SIMPLE ASSAULT
787,B12-003672,3:49pm,II,December21,2012, State Of Alabama, 8000 Madison Blvd, LICENSE TO CARRY PISTOL
788,B12-003675,11:50pm,III,December21,2012, area of Sullivan St Madison, DUTY TO STOP AND REMAIN AT SCENE
789,B12-003676,2:35am,III,December22,2012, 100 Block of Greenspring Dr, DV 3RD-HARASSMENT-FAMILY
790,B12-003677,2:35am,III,December22,2012, 100 Block of Greenspring Dr, DV 3RD-HARASSMENT-FAMILY
791,B12-003678,3:46am,III,December22,2012, Service Management Systems, 116 Jodi Dr Madison, CRIMINAL MISCHIEF-3RD
792,B12-003680,9:06am,I,December22,2012, 100 Block of Joe Phillips Rd, DV 3RD-HARASSING COMMUNICATIONS
793,B12-003682,2:25pm,II,December22,2012, 8000 Block of Highway 72 W, THEFT 2ND DEGREE
794,B12-003683,3:25pm,II,December22,2012, 100 Block of Royal Dr, BURGLARY-3RD
795,B12-003683,3:25pm,II,II, 100 Block of Royal Dr, THEFT 2ND DEGREE
796,B12-003684,4:46pm,II,December22,2012, State Of Alabama,, DRIVING UNDER THE INFLUENCE (ALC. & CON. SUBS.)
797,B12-003685,4:38pm,II,December22,2012, area of Hughes Road Madison, DUTY TO GIVE INFORMATION TO RENDER AID
798,B12-003686,5:47pm,II,December22,2012, 8000 Block of Hwy 72 Madison, DUTY TO GIVE INFORMATION TO RENDER AID
799,B12-003687,5:47pm,II,December22,2012, 8000 Block of Hwy 72 Madison, DUTY TO GIVE INFORMATION TO RENDER AID
800,B12-003688,4:38pm,II,December22,2012, area of, DUTY TO GIVE INFORMATION TO RENDER AID
801,B12-003689,7:30pm,II,December22,2012, 8000 Block of Madison Blvd, SIMPLE ASSAULT
802,B12-003690,9:00am,I,December23,2012, 100 Block of Abby Ln Madison, CRIMINAL MISCHIEF-2ND
803,B12-003691,11:46am,I,December23,2012, 100 Block of Carmine Cir, HARASSMENT
804,B12-003691,11:46am,I,I, 100 Block of Carmine Cir, MENACING
805,B12-003692,11:46am,I,December23,2012, 100 Block of Carmine Cir, HARASSMENT
806,B12-003692,11:46am,I,I, 100 Block of Carmine Cir, MENACING
807,B12-003693,3:32pm,II,December23,2012, 7000 Block of Old Madison Pike, UNLAWFUL BREAKING AND ENTERING A VEHICLE
808,B12-003693,3:32pm,II,II, 7000 Block of Old Madison Pike, THEFT 2ND DEGREE
809,B12-003694,4:30pm,II,December23,2012, 100 Block of Intracoastal Dr, IDENTITY THEFT
810,B12-003697,12:21am,III,December24,2012, City Of Madison, 172 Amsterdam Pl, OBSTRUCTING GOVERNMENTAL OPERATIONS
811,B12-003698,7:45am,I,December24,2012, 200 Block of Kyser Blvd, UNLAWFUL BREAKING AND ENTERING A VEHICLE
812,B12-003698,7:45am,I,I, 200 Block of Kyser Blvd, THEFT 3RD DEGREE
813,B12-003699,9:56am,I,December24,2012, 500 Block of Palmer Rd, CRIMINAL MISCHIEF-3RD
814,B12-003700,10:30am,I,December24,2012, 8000 Block of Madison Blvd, THEFT 2ND DEGREE
815,B12-003702,2:36pm,II,December24,2012, 200 Block of Kyser Blvd, UNLAWFUL BREAKING AND ENTERING A VEHICLE
816,B12-003702,2:36pm,II,II, 200 Block of Kyser Blvd, THEFT 3RD DEGREE
817,B12-003704,4:10pm,II,December24,2012, 100 Block of Shelton Rd, CRIMINAL MISCHIEF-3RD
818,B12-003706,6:10pm,II,December25,2012, 8000 Block of Highway 72 W, HARASSING COMMUNICATIONS
819,B12-003711,9:22am,I,December26,2012, City Of Madison, Madison Blvd / Quarry Rd Madison, DRIVING UNDER INFLUENCE-ALCOHOL
820,B12-003712,1:00pm,I,December26,2012, 100 Block of Greensprings Dr Madison, HARASSING COMMUNICATIONS
821,B12-003714,1:10pm,I,December26,2012, 8000 Block of Madison Blvd Suite E Madison, THEFT 1ST DEGREE
822,B12-003716,8:07pm,II,December26,2012, area of Sullivan St Madison, DUTY TO STOP AND REMAIN AT SCENE
823,B12-003719,1:19am,III,December27,2012, City Of Madison, Autumn Haven Ln / Kendrick Ln, ATTEMPTING TO FLEE OR ELUDE POLICE OFFICER
824,B12-003721,9:48am,I,December27,2012, 10000 Block of County Line Rd, HARASSING COMMUNICATIONS
825,B12-003722,11:08am,I,December27,2012, 200 Block of Kyser Blvd, IDENTITY THEFT
826,B12-003724,2:30pm,II,December27,2012, 100 Block of Bridletrace Ln, BURGLARY-3RD
827,B12-003724,2:30pm,II,II, 100 Block of Bridletrace Ln, THEFT 1ST DEGREE
828,B12-003725,3:52pm,II,December27,2012, 100 Block of Victoria Dr, IDENTITY THEFT
829,B12-003729,7:40pm,II,December27,2012, Far East Market Madison, 7193 Hwy 72 Madison Madison, THEFT 3RD DEGREE
830,B09-001081,10:15am,I,May10,2009, 100 Block of Kim Cir, CRIMINAL MISCHIEF-3RD
831,B09-001082,1:17pm,I,May10,2009, 100 Block of Royal Dr, HARASSMENT
832,B09-001083,4:00pm,II,May10,2009, 1000 Block of Hughes Rd, THEFT 2ND DEGREE
833,B09-001084,6:30pm,II,May10,2009, 200 Block of Dartford Dr, CRIMINAL MISCHIEF-3RD
834,B09-001085,6:18pm,II,May10,2009, City Of Madison, 151 Stone Meadow Ln, LIQUOR-(MINOR IN POSSESSION)
835,B09-001087,7:10am,I,May11,2009, 400 Block of Summerview Dr, CRIMINAL MISCHIEF-3RD
836,B09-001088,7:20am,I,May11,2009, 400 Block of Summerview Dr, CRIMINAL MISCHIEF-2ND
837,B09-001090,9:48am,I,May11,2009, City Of Madison, 100 Hughes Rd, THEFT 1ST DEGREE
838,B09-001093,11:30am,I,May11,2009, 600 Block of Crestview Dr, AUTO THEFT-1ST DEGREE
839,B09-001094,11:17am,I,May11,2009, 100 Block of Stoneway Tr, IDENTITY THEFT 1ST DEGREE
840,B09-001095,3:37pm,II,May11,2009, 5000 Block of Wall Triana Hwy, THEFT 3RD DEGREE
841,B09-001098,7:05pm,II,May11,2009, 600 Block of Larry Dr, THEFT 3RD DEGREE
842,B09-001100,10:50am,I,May12,2009, 600 Block of Cambridge Dr, BREAKING AND ENTERING A VEHICLE
843,B09-001100,10:50am,I,I, 600 Block of Cambridge Dr, THEFT 2ND DEGREE
844,B09-001102,4:15pm,II,May12,2009, 100 Block of Hughes Rd, UNAUTHORIZED USE OTHER VEHICLE
845,B09-001103,3:43pm,II,May12,2009, 200 Block of Kyser Blvd, DOMESTIC VIOLENCE 3RD
846,B09-001106,9:10am,I,May13,2009, 1000 Block of Hughes Rd, THEFT 3RD DEGREE
847,B09-001107,1:30pm,I,May13,2009, Eyecare Associates, 7880 Old Madison Pike, THEFT 2ND DEGREE
848,B09-001108,4:30pm,II,May13,2009, 200 Block of Gaston Dr, BURGLARY-2ND
849,B09-001108,4:30pm,II,II, 200 Block of Gaston Dr, THEFT 2ND DEGREE
850,B09-001110,4:30am,III,May14,2009, 200 Block of Eastview Dr, DUTY UPON STRIKING A FIXED OBJECT
851,B09-001111,4:33am,III,May14,2009, 600 Block of Marion Dr, AUTO THEFT-1ST DEGREE
852,B09-001112,5:58am,III,May14,2009, Fite Construction, 124 Stone Meadow Ln, AUTO THEFT-1ST DEGREE
853,B09-001113,9:11am,I,May14,2009, 200 Block of Foy Rd, BREAKING AND ENTERING A VEHICLE
854,B09-001113,9:11am,I,I, 200 Block of Foy Rd, THEFT 3RD DEGREE
855,B09-001115,1:32pm,I,May14,2009, 100 Block of Stone Meadow Ln, AUTO THEFT-1ST DEGREE
856,B09-001116,2:35pm,II,May14,2009, 100 Block of Martin St, BURGLARY-3RD
857,B09-001116,2:35pm,II,II, 100 Block of Martin St, THEFT 3RD DEGREE
858,B09-001119,5:40pm,II,May14,2009, 7000 Block of Hwy 72, THEFT 3RD DEGREE
859,B09-001122,1:00pm,I,May15,2009, 100 Block of Michael Av, CRIMINAL MISCHIEF-3RD
860,B09-001123,5:35pm,II,May15,2009, 100 Block of Corrine Dr, THEFT 2ND DEGREE
861,B09-001128,2:45am,III,May16,2009, 100 Block of Stone Meadow Ln, DOMESTIC VIOLENCE 3RD
862,B09-001130,5:20am,III,May16,2009, 8000 Block of Madison Blvd, DOMESTIC VIOLENCE 3RD
863,B09-001131,7:38am,I,May16,2009, 300 Block of Freedom Ct, DOMESTIC VIOLENCE 3RD
864,B09-001135,2:52pm,II,May16,2009, 100 Block of Chad Ln, DOMESTIC VIOLENCE 3RD
865,B09-001136,6:26pm,II,May16,2009, Kroger Co, 300 Hughes Rd, THEFT 3RD DEGREE
866,B09-001137,7:05pm,II,May16,2009, Walmart Supercenter, 8650 Madison Blvd, THEFT 3RD DEGREE
867,B09-001139,10:10pm,III,May16,2009, State Of Alabama, 1329 Browns Ferry Rd, ESCAPE 3RD
868,B09-001140,10:30pm,III,May16,2009, 8000 Block of Old Madison Pike, DUTY TO  STOP AND REMAIN AT SCENE
869,B12-003745,12:14pm,I,December29,2012, 300 Block of Gillespie Rd, ROBBERY-3RD-RESIDENCE-STRONG ARM
870,B12-003745,12:14pm,I,I, 300 Block of Gillespie Rd, DV 3RD-HARASSMENT-FAMILY
871,B12-003750,6:02pm,II,December29,2012, 100 Block of Brass Oak Drive, THEFT 3RD DEGREE
872,B12-003752,11:50pm,III,December29,2012, City Of Madison, 417 Barrington Hills Dr, DISORDERLY CONDUCT
873,B12-003752,11:50pm,III,III, City Of Madison, 417 Barrington Hills Dr, OBSTRUCTING GOVERNMENTAL OPERATIONS
874,B12-003753,1:30am,III,December30,2012, 100 Block of Leathertree Ln, BURGLARY-3RD
875,B12-003753,1:30am,III,III, 100 Block of Leathertree Ln, CRIMINAL MISCHIEF-3RD
876,B12-003754,10:31pm,III,December29,2012, City Of Madison, 214 Barrington Hills Dr Madison, RESISTING ARREST
877,B12-003756,10:31pm,III,December29,2012, 400 Block of Barrington Hills Dr, DV 3RD-HARASSMENT-FAMILY
878,B12-003757,5:59am,III,December30,2012, 7000 Block of Madison Blvd, SIMPLE ASSAULT
879,B12-003758,12:14pm,I,December30,2012, 8000 Block of Madison Blvd, DV 3RD-SIMPLE ASSAULT-FAMILY
880,B12-003759,11:59am,I,December30,2012, 8000 Block of Madison Blvd, HARASSMENT
881,B12-003760,9:38pm,II,December30,2012, 100 Block of Westscott Dr, DV 3RD-HARASSMENT-FAMILY
882,B12-003761,10:54pm,III,December30,2012, 300 Block of Gillespie Rd, DV 3RD-HARASSMENT-FAMILY
883,B12-003767,11:38am,I,December31,2012, 100 Block of Bridletrace Ln, DEATH INVESTIGATION
884,B12-003768,1:00pm,I,December31,2012, 100 Block of Golden Ash Ct, IDENTITY THEFT
885,B12-003769,1:45pm,I,December31,2012, Walmart Super Center #2690, 8650 Madison Blvd, THEFT 3RD DEGREE
886,B12-003771,3:28pm,II,December31,2012, 4000 Block of Sullivan St, CRIMINAL MISCHIEF-3RD
887,B12-003773,10:30pm,III,December31,2012, 7000 Block of Old Madison Pike, DV 3RD-HARASSMENT-FAMILY
888,B12-003774,10:44pm,III,December31,2012, 8000 Block of Madison Blvd, UNAUTHORIZED USE OF AUTO
889,B13-000001,12:30am,III,January01,2013, 900 Block of Hughes Rd, THEFT 3RD DEGREE
890,B13-000002,2:55am,III,January01,2013, 300 Block of Hughes Rd, SIMPLE ASSAULT
891,B13-000003,2:55am,III,January01,2013, 300 Block of Hughes Rd, HARASSMENT
892,B13-000004,5:06am,III,January01,2013, State Of Alabama, 8470 Highway 72 W Madison, VERIFICATION OF CITIZENSHIP IMMIGRATION
893,B13-000005,5:37am,III,January01,2013, 8000 Block of Madison Blvd, HARASSMENT
894,B13-000006,9:00am,I,January01,2013, Downtown Rescue Mission, 8006 Old Madison Pike, CRIMINAL MISCHIEF-3RD
895,B13-000007,12:15pm,I,January01,2013, 100 Block of Lake Shore Dr, THEFT 3RD DEGREE
896,B13-000008,12:30pm,I,January01,2013, 100 Block of Ervington Pl, HARASSING COMMUNICATIONS
897,B13-000009,1:40pm,I,January01,2013, 8000 Block of Madison Blvd, HARASSMENT
898,B13-000010,4:12pm,II,January01,2013, 200 Block of Jackies Ter, CRIMINAL MISCHIEF-3RD
899,B13-000011,8:35pm,II,January01,2013, 100 Block of Shelton Rd, DOMESTIC VIOLENCE BY STRANGULATION OR SUFFOCATION ASSLT
900,B13-000011,8:35pm,II,II, 100 Block of Shelton Rd, DOMESTIC VIOLENCE 3RD
901,B13-000013,1:50am,III,January02,2013, 7000 Block of Highway 72 W, DISORDERLY CONDUCT
902,B13-000014,2:35am,III,January02,2013, 100 Block of Village Ln, BURGLARY-3RD
903,B13-000014,2:35am,III,III, 100 Block of Village Ln, THEFT 3RD DEGREE
904,B13-000017,8:11am,I,January02,2013, Ras Inc, 9310 Madison Blvd, THEFT 1ST DEGREE
905,B13-000018,7:30am,I,January02,2013, Libby`S Catfish And Diner, 234 Lime Quarry Rd, CRIMINAL MISCHIEF-3RD
906,B13-000019,9:24am,I,January02,2013, 100 Block of W Dublin Dr, UNLAWFUL BREAKING AND ENTERING A VEHICLE
907,B13-000019,9:24am,I,I, 100 Block of W Dublin Dr, THEFT 3RD DEGREE
908,B13-000020,10:15am,I,January02,2013, Pearson Homes, 150 Castlewood Dr, THEFT 1ST DEGREE
909,B13-000022,11:00am,I,January02,2013, 200 Block of Eastview Dr, DV 3RD-SIMPLE ASSAULT-FAMILY
910,B13-000023,1:00pm,I,January02,2013, 8000 Block of Madison Blvd Madison, DV 3RD-HARASSMENT-FAMILY
911,B13-000024,3:50pm,II,January02,2013, 200 Block of Brockton Dr, AUTO THEFT-1ST DEGREE
912,B13-000026,4:30pm,II,January02,2013, Value Place, 120 Brazelton Cir, CRIMINAL MISCHIEF-3RD
913,B13-000027,3:50pm,II,January02,2013, 100 Block of Lily Ct, BURGLARY-3RD
914,B13-000027,3:50pm,II,II, 100 Block of Lily Ct, THEFT 3RD DEGREE
915,B13-000028,5:50pm,II,January02,2013, Publix #590, 8000 Madison Blvd, THEFT 3RD DEGREE
916,B13-000029,5:27pm,II,January02,2013, 100 Block of Royal Dr Madison, BURGLARY-3RD
917,B13-000029,5:27pm,II,II, 100 Block of Royal Dr Madison, THEFT 2ND DEGREE
918,B13-000033,10:18am,I,January03,2013, Huntsville Utilities, 102 Intercom Dr, CRIMINAL MISCHIEF-3RD
919,B13-000034,10:14am,I,January03,2013, Waste Away Dumpster Service, 102 Intercom Dr, CRIMINAL MISCHIEF-3RD
920,B13-000035,10:00am,I,January03,2013, 800 Block of Colonial Lake Dr Madison, DOMESTIC VIOLENCE 3RD
921,B13-000038,11:00am,I,January03,2013, 100 Block of Kendrick Ln, CRIMINAL TRESPASS
922,B13-000038,11:00am,I,I, 100 Block of Kendrick Ln, CRIMINAL MISCHIEF-3RD
923,B13-000039,11:31am,I,January03,2013, 200 Block of De Jan Rd, BURGLARY-3RD
924,B13-000039,11:31am,I,I, 200 Block of De Jan Rd, CRIMINAL MISCHIEF-3RD
925,B13-000050,2:03am,III,January05,2013, 100 Block of Downing Ridge, DV 3RD-HARASSMENT-FAMILY
926,B13-000053,1:45pm,I,January05,2013, 8000 Block of Hwy 72 W Madison, DUTY UPON STRIKING UNATTENDED VEHICLE
927,B13-000054,2:40pm,II,January05,2013, 100 Block of Allen St Madison, THEFT 3RD DEGREE
928,B13-000055,3:44pm,II,January05,2013, Eagles Landing Apartments, 180 W Dublin Dr, THEFT 3RD DEGREE
929,B13-000055,3:44pm,II,II, Eagles Landing Apartments, 180 W Dublin Dr, CRIMINAL MISCHIEF-3RD
930,B13-000056,10:25pm,III,January05,2013, 100 Block of Brookstone Ln, BURGLARY-3RD
931,B13-000057,11:13pm,III,January05,2013, 8000 Block of Madison Blvd, HARASSMENT
932,B13-000058,11:13pm,III,January05,2013, 8000 Block of Madison Blvd, HARASSMENT
933,B13-000059,12:12am,III,January06,2013, State Of Alabama, 8716 Madison Blvd, OBSTRUCTING JUSTICE-FALSE IDENTITY
934,B13-000061,12:12am,III,January06,2013, Country Hearth Inn & Suites, 8716 Madison Blvd, CRIMINAL MISCHIEF-3RD
935,B13-000064,8:00pm,II,January06,2013, 100 Block of Yonex Dr, THEFT 3RD DEGREE
936,B13-000065,11:25am,I,January07,2013, Downtown Rescue Mission, 8000 Old Madison Pike Madison, THEFT 3RD DEGREE
937,B13-000066,8:52pm,II,January06,2013, City Of Madison, 8841 Madison Blvd, CIRCULATING EMITTED MONEY
938,B13-000069,12:59am,III,January07,2013, 100 Block of Woodlawn Dr, THEFT 3RD DEGREE
939,B13-000071,9:09am,I,January07,2013, 600 Block of Hughes Rd, UNLAWFUL BREAKING AND ENTERING A VEHICLE
940,B13-000071,9:09am,I,I, 600 Block of Hughes Rd, THEFT 2ND DEGREE
941,B13-000072,10:25am,I,January07,2013, 100 Block of Royal Dr, UNAUTHORIZED USE OF AUTO
942,B13-000074,11:38am,I,January07,2013, Walmart Super Center #2690, 8650 Madison Blvd, THEFT 3RD DEGREE
943,B13-000075,12:38pm,I,January07,2013, 100 Block of Chadrick Dr, THEFT 3RD DEGREE
944,B13-000078,5:00pm,II,January07,2013, 7000 Block of Highway 72 W, THEFT OF LOST PROPERTY-2ND
945,B13-000079,1:39am,III,January08,2013, 100 Block of Lake Crest Cir, DV 3RD-HARASSMENT-FAMILY
946,B13-000081,11:30am,I,January08,2013, Walmart Super Center #2690, 8650 Madison Blvd, THEFT 3RD DEGREE
947,B13-000082,11:30am,I,January08,2013, Walmart Super Center #2690, 8650 Madison Blvd, THEFT 3RD DEGREE
948,B13-000083,1:00pm,I,January08,2013, Charleston Oaks Apartments Office, 222 Kyser Blvd, THEFT 2ND DEGREE
949,B13-000091,9:10pm,II,January08,2013, 200 Block of Kyser Blvd, AGGRAVATED ASSAULT 2ND DOMESTIC VIOLENCE
950,B13-000092,10:30am,I,January09,2013, 100 Block of Mill Ridge Dr, IDENTITY THEFT
951,B13-000093,11:40am,I,January09,2013, 100 Block of Madison Point Pl, CRIMINAL MISCHIEF-3RD
952,B13-000094,12:54pm,I,January09,2013, City Of Madison, Flagstone Dr / Madison Blvd, LICENSE TO CARRY PISTOL
953,B13-000096,2:53pm,II,January09,2013, 100 Block of Sanoma Drive Madison, RECEIVING STOLEN PROPERTY-3RD
954,B13-000097,6:50pm,II,January09,2013, 100 Block of Wellington Dr, THEFT 2ND DEGREE
955,B13-000099,11:00am,I,January10,2013, Walmart, 8650 Madison Blvd, THEFT 3RD DEGREE
956,B13-000100,12:09pm,I,January10,2013, 800 Block of Browns Ferry Rd, THEFT 3RD DEGREE
957,B13-000102,12:52pm,I,January10,2013, 600 Block of Colonial Lake Dr, THEFT 1ST DEGREE
958,B13-000104,2:13pm,II,January10,2013, State Of Alabama, 100 Hughes Rd, HINDERING PROSECUTION 1ST
959,B13-000105,2:15pm,II,January10,2013, 200 Block of Kyser Blvd, HARASSMENT
960,B13-000106,6:03pm,II,January10,2013, 10000 Block of Burgreen Rd, THEFT 2ND DEGREE
961,B13-000108,8:57am,I,January11,2013, 100 Block of Patra Dr, IDENTITY THEFT
